"year","fleet","state","catch"
1900,"HKL","CA",0.000000000000139184095375394
1901,"HKL","CA",0.607390070118886
1902,"HKL","CA",1.21478014023763
1903,"HKL","CA",1.82217021035638
1904,"HKL","CA",2.42956028047513
1905,"HKL","CA",3.03695035059401
1906,"HKL","CA",3.64434042071276
1907,"HKL","CA",4.25173049083151
1908,"HKL","CA",4.85912056095053
1909,"HKL","CA",5.4541149153526
1910,"HKL","CA",6.04910926975452
1911,"HKL","CA",6.64410362415658
1912,"HKL","CA",7.23909797855865
1913,"HKL","CA",7.83409233296071
1914,"HKL","CA",8.42908668736277
1915,"HKL","CA",9.0240810417647
1916,"HKL","CA",11.6095496762385
1917,"HKL","CA",126.31575445424
1918,"HKL","CA",69.2684295805392
1919,"HKL","CA",46.5017837682946
1920,"HKL","CA",108.432247141719
1921,"HKL","CA",141.975450534039
1922,"HKL","CA",37.2838932321558
1923,"HKL","CA",74.7321635712877
1924,"HKL","CA",129.573308878301
1925,"HKL","CA",100.302244283169
1926,"HKL","CA",24.384732959041
1927,"HKL","CA",137.812156037417
1928,"HKL","CA",127.302711256177
1929,"HKL","CA",199.835914525611
1930,"HKL","CA",188.693118087256
1931,"HKL","CA",141.773938639416
1932,"HKL","CA",128.589198132693
1933,"HKL","CA",184.994123666794
1934,"HKL","CA",293.428311680096
1935,"HKL","CA",394.454639896135
1936,"HKL","CA",141.749504204595
1937,"HKL","CA",101.827934558339
1938,"HKL","CA",104.122804181825
1939,"HKL","CA",106.408373448557
1940,"HKL","CA",79.4759327750816
1941,"HKL","CA",74.4913580511685
1942,"HKL","CA",273.952323397814
1943,"HKL","CA",444.803773977218
1944,"HKL","CA",571.486827966341
1945,"HKL","CA",869.685359125924
1946,"HKL","CA",368.853029045094
1947,"HKL","CA",125.238798409593
1948,"HKL","CA",280.430158626273
1949,"HKL","CA",228.192649511351
1950,"HKL","CA",254.807030201069
1951,"HKL","CA",399.949970665411
1952,"HKL","CA",259.390799671352
1953,"HKL","CA",223.419377115831
1954,"HKL","CA",314.987731202095
1955,"HKL","CA",279.065314959912
1956,"HKL","CA",390.017613090152
1957,"HKL","CA",296.702076130349
1958,"HKL","CA",234.939539798551
1959,"HKL","CA",263.215305175903
1960,"HKL","CA",309.415765159972
1961,"HKL","CA",216.981662951684
1962,"HKL","CA",270.515989433434
1963,"HKL","CA",236.258430067607
1964,"HKL","CA",335.858967362249
1965,"HKL","CA",390.684693985562
1966,"HKL","CA",436.744242250004
1967,"HKL","CA",523.245558171475
1968,"HKL","CA",441.416585158192
1969,"HKL","CA",692.378291504755
1970,"HKL","CA",566.044790632264
1971,"HKL","CA",513.503046309885
1972,"HKL","CA",1023.63414892331
1973,"HKL","CA",186.591475255811
1974,"HKL","CA",177.292750729405
1975,"HKL","CA",217.869817057764
1976,"HKL","CA",230.499438729371
1977,"HKL","CA",322.170450368936
1978,"HKL","CA",331.211432875322
1979,"HKL","CA",793.601881446242
1980,"HKL","CA",347.73530273572
1981,"HKL","CA",788.136988364757
1982,"HKL","CA",747.437304250276
1983,"HKL","CA",283.068621222533
1984,"HKL","CA",52.3922282386926
1985,"HKL","CA",451.085002411201
1986,"HKL","CA",800.473044846014
1987,"HKL","CA",846.123836329326
1988,"HKL","CA",406.34294885453
1989,"HKL","CA",391.795460658782
1990,"HKL","CA",660.73441178828
1991,"HKL","CA",815.192235906881
1992,"HKL","CA",810.190432941187
1993,"HKL","CA",460.669165250742
1994,"HKL","CA",583.972978002502
1995,"HKL","CA",881.589493361251
1996,"HKL","CA",1230.20500896228
1997,"HKL","CA",1191.15056483117
1998,"HKL","CA",467.424991550855
1999,"HKL","CA",650.693134114169
2000,"HKL","CA",730.398175815242
2001,"HKL","CA",607.545699478837
2002,"HKL","CA",511.449623646357
2003,"HKL","CA",556.026934649808
2004,"HKL","CA",439.625934889391
2005,"HKL","CA",549.781624129669
2006,"HKL","CA",505.841852784124
2007,"HKL","CA",427.184069621734
2008,"HKL","CA",546.936604204012
2009,"HKL","CA",1031.46897490633
2010,"HKL","CA",1375.81096202439
2011,"HKL","CA",1278.27643341499
2012,"HKL","CA",810.616952230091
2013,"HKL","CA",818.436254814618
2014,"HKL","CA",728.914032234567
1900,"POT","CA",0
1901,"POT","CA",0
1902,"POT","CA",0
1903,"POT","CA",0
1904,"POT","CA",0
1905,"POT","CA",0
1906,"POT","CA",0
1907,"POT","CA",0
1908,"POT","CA",0
1909,"POT","CA",0
1910,"POT","CA",0
1911,"POT","CA",0
1912,"POT","CA",0
1913,"POT","CA",0
1914,"POT","CA",0
1915,"POT","CA",0
1916,"POT","CA",0
1917,"POT","CA",0
1918,"POT","CA",0
1919,"POT","CA",0
1920,"POT","CA",0
1921,"POT","CA",0
1922,"POT","CA",0
1923,"POT","CA",0
1924,"POT","CA",0
1925,"POT","CA",0
1926,"POT","CA",0
1927,"POT","CA",0
1928,"POT","CA",0
1929,"POT","CA",0
1930,"POT","CA",0
1931,"POT","CA",0
1932,"POT","CA",0
1933,"POT","CA",0
1934,"POT","CA",0
1935,"POT","CA",0
1936,"POT","CA",0
1937,"POT","CA",0
1938,"POT","CA",0
1939,"POT","CA",0
1940,"POT","CA",0
1941,"POT","CA",0
1942,"POT","CA",0
1943,"POT","CA",0
1944,"POT","CA",0
1945,"POT","CA",0
1946,"POT","CA",0
1947,"POT","CA",0
1948,"POT","CA",0
1949,"POT","CA",0
1950,"POT","CA",0
1951,"POT","CA",0
1952,"POT","CA",0
1953,"POT","CA",0
1954,"POT","CA",0
1955,"POT","CA",0
1956,"POT","CA",0
1957,"POT","CA",0
1958,"POT","CA",0
1959,"POT","CA",0
1960,"POT","CA",0
1961,"POT","CA",0
1962,"POT","CA",0
1963,"POT","CA",0
1964,"POT","CA",0
1965,"POT","CA",0
1966,"POT","CA",0
1967,"POT","CA",0
1968,"POT","CA",0
1969,"POT","CA",0.422341286837566
1970,"POT","CA",0.110741403646929
1971,"POT","CA",60.8624189289193
1972,"POT","CA",272.914782933229
1973,"POT","CA",293.146960832666
1974,"POT","CA",2794.73699514978
1975,"POT","CA",3108.56511221692
1976,"POT","CA",2992.52341240776
1977,"POT","CA",3199.38062787943
1978,"POT","CA",5041.29923091186
1979,"POT","CA",7498.02670876285
1980,"POT","CA",1341.1804130846
1981,"POT","CA",2349.13496232713
1982,"POT","CA",3437.96760900703
1983,"POT","CA",3171.69576319769
1984,"POT","CA",1572.56208687622
1985,"POT","CA",1129.23709001507
1986,"POT","CA",1528.24738455171
1987,"POT","CA",391.878591763077
1988,"POT","CA",765.038087976809
1989,"POT","CA",1015.43790165616
1990,"POT","CA",799.751936826599
1991,"POT","CA",358.198869440777
1992,"POT","CA",397.631521122863
1993,"POT","CA",198.582315905169
1994,"POT","CA",185.910717781353
1995,"POT","CA",311.493010202434
1996,"POT","CA",204.82321827146
1997,"POT","CA",207.573286219024
1998,"POT","CA",57.6236809208801
1999,"POT","CA",113.71975024588
2000,"POT","CA",174.303762217773
2001,"POT","CA",163.277456306637
2002,"POT","CA",144.472263011017
2003,"POT","CA",214.916172894436
2004,"POT","CA",279.658145366888
2005,"POT","CA",342.023151730882
2006,"POT","CA",373.854798954253
2007,"POT","CA",298.258495506641
2008,"POT","CA",291.917872324234
2009,"POT","CA",429.63881687577
2010,"POT","CA",411.864153675029
2011,"POT","CA",757.023225624706
2012,"POT","CA",488.97414988159
2013,"POT","CA",226.076626877669
2014,"POT","CA",461.987258213689
1900,"TWL","CA",0.00000000000031556325551107
1901,"TWL","CA",1.37709691164683
1902,"TWL","CA",2.75419382329334
1903,"TWL","CA",4.13129073493985
1904,"TWL","CA",5.50838764658636
1905,"TWL","CA",6.88548455823319
1906,"TWL","CA",8.2625814698797
1907,"TWL","CA",9.63967838152621
1908,"TWL","CA",11.0167752931733
1909,"TWL","CA",12.3657681862149
1910,"TWL","CA",13.7147610792561
1911,"TWL","CA",15.0637539722976
1912,"TWL","CA",16.4127468653392
1913,"TWL","CA",17.7617397583807
1914,"TWL","CA",19.1107326514223
1915,"TWL","CA",20.4597255444635
1916,"TWL","CA",26.321594295457
1917,"TWL","CA",286.387683811205
1918,"TWL","CA",157.04790898428
1919,"TWL","CA",105.430539555664
1920,"TWL","CA",245.841544022211
1921,"TWL","CA",321.891917696026
1922,"TWL","CA",84.5314020595071
1923,"TWL","CA",169.435485888932
1924,"TWL","CA",293.773329967748
1925,"TWL","CA",227.408905131691
1926,"TWL","CA",55.285955601242
1927,"TWL","CA",312.452744624835
1928,"TWL","CA",288.625348255752
1929,"TWL","CA",453.075271177011
1930,"TWL","CA",427.811916839715
1931,"TWL","CA",321.435042581667
1932,"TWL","CA",291.542118205872
1933,"TWL","CA",419.425421828988
1934,"TWL","CA",665.271366266017
1935,"TWL","CA",894.321940889495
1936,"TWL","CA",321.379643940193
1937,"TWL","CA",230.868005748293
1938,"TWL","CA",236.071017826703
1939,"TWL","CA",241.252943797202
1940,"TWL","CA",180.190732379595
1941,"TWL","CA",168.889522834253
1942,"TWL","CA",621.114695562541
1943,"TWL","CA",1008.47533334384
1944,"TWL","CA",1295.6957720518
1945,"TWL","CA",1971.78235383788
1946,"TWL","CA",836.277035365683
1947,"TWL","CA",283.945969802327
1948,"TWL","CA",635.801479766179
1949,"TWL","CA",517.366694587352
1950,"TWL","CA",577.707788813719
1951,"TWL","CA",906.781155162403
1952,"TWL","CA",588.100278075178
1953,"TWL","CA",506.544557384759
1954,"TWL","CA",714.151668235445
1955,"TWL","CA",632.707056445332
1956,"TWL","CA",884.262151946589
1957,"TWL","CA",672.693764384938
1958,"TWL","CA",532.663490229573
1959,"TWL","CA",596.771336391728
1960,"TWL","CA",701.518703677912
1961,"TWL","CA",491.948737120892
1962,"TWL","CA",613.323713914112
1963,"TWL","CA",535.653726332647
1964,"TWL","CA",761.471695796601
1965,"TWL","CA",885.774582073587
1966,"TWL","CA",990.202469171569
1967,"TWL","CA",1186.32140635724
1968,"TWL","CA",1000.79577536072
1969,"TWL","CA",1198.74895443512
1970,"TWL","CA",1443.73992745788
1971,"TWL","CA",1286.83062475485
1972,"TWL","CA",2513.1647667736
1973,"TWL","CA",3401.35346266867
1974,"TWL","CA",2490.46659359283
1975,"TWL","CA",3080.03158619297
1976,"TWL","CA",2826.00017344783
1977,"TWL","CA",2520.53787666409
1978,"TWL","CA",2667.06211131941
1979,"TWL","CA",4671.97466661754
1980,"TWL","CA",2949.36518320898
1981,"TWL","CA",3581.13594930811
1982,"TWL","CA",5470.56188674269
1983,"TWL","CA",3240.04291557978
1984,"TWL","CA",3201.82448488509
1985,"TWL","CA",3593.70110757373
1986,"TWL","CA",3891.53167060228
1987,"TWL","CA",3176.5723719076
1988,"TWL","CA",2685.31856316866
1989,"TWL","CA",2667.89283768506
1990,"TWL","CA",2290.14885138512
1991,"TWL","CA",2184.87469465234
1992,"TWL","CA",2507.36224593595
1993,"TWL","CA",1938.87091884409
1994,"TWL","CA",1415.91090421614
1995,"TWL","CA",1625.86499643632
1996,"TWL","CA",1760.84087276626
1997,"TWL","CA",1569.36694894981
1998,"TWL","CA",923.441527528265
1999,"TWL","CA",1210.78851563995
2000,"TWL","CA",990.343661966985
2001,"TWL","CA",787.216944214525
2002,"TWL","CA",653.259213342626
2003,"TWL","CA",855.426992455756
2004,"TWL","CA",702.742119743721
2005,"TWL","CA",759.351924139448
2006,"TWL","CA",761.285248261624
2007,"TWL","CA",745.546934871624
2008,"TWL","CA",752.682523471754
2009,"TWL","CA",850.2437082179
2010,"TWL","CA",710.537084300583
2011,"TWL","CA",530.779640960302
2012,"TWL","CA",482.019497888319
2013,"TWL","CA",456.367818307713
2014,"TWL","CA",456.484209551743
1966,"HKL","FO",7.777
1967,"HKL","FO",1651.958
1968,"HKL","FO",724.955
1969,"HKL","FO",2400.783
1970,"HKL","FO",1007.314
1971,"HKL","FO",677.6
1972,"HKL","FO",1702.47
1973,"HKL","FO",637.56
1974,"HKL","FO",1614.69
1975,"HKL","FO",1206.59
1976,"HKL","FO",770
1977,"HKL","FO",891.123311392405
1978,"HKL","FO",617.797885763001
1979,"HKL","FO",388.719592592593
1980,"HKL","FO",337.9992
1966,"POT","FO",0
1967,"POT","FO",0
1968,"POT","FO",0
1969,"POT","FO",0
1970,"POT","FO",0
1971,"POT","FO",0
1972,"POT","FO",0
1973,"POT","FO",0
1974,"POT","FO",175
1975,"POT","FO",5066
1976,"POT","FO",16198
1977,"POT","FO",170.102278481013
1978,"POT","FO",0
1979,"POT","FO",0
1980,"POT","FO",0
1966,"TWL","FO",2.323
1967,"TWL","FO",493.442
1968,"TWL","FO",216.545
1969,"TWL","FO",717.117
1970,"TWL","FO",1249.886
1971,"TWL","FO",963.4
1972,"TWL","FO",807.53
1973,"TWL","FO",317.44
1974,"TWL","FO",646.31
1975,"TWL","FO",440.41
1976,"TWL","FO",313
1977,"TWL","FO",338.574410126582
1978,"TWL","FO",244.502114236999
1979,"TWL","FO",297.480407407407
1980,"TWL","FO",100.9608
1900,"HKL","OR",0.000000000000227373675443232
1901,"HKL","OR",0.66666666666697
1902,"HKL","OR",1.33333333333371
1903,"HKL","OR",2.00000000000023
1904,"HKL","OR",2.66666666666697
1905,"HKL","OR",3.33333333333371
1906,"HKL","OR",4.00000000000023
1907,"HKL","OR",4.66666666666697
1908,"HKL","OR",5.33333333333348
1909,"HKL","OR",6.00000000000023
1910,"HKL","OR",6.66666666666697
1911,"HKL","OR",7.33333333333348
1912,"HKL","OR",8.00000000000023
1913,"HKL","OR",8.66666666666674
1914,"HKL","OR",9.33333333333348
1915,"HKL","OR",10.0000000000018
1916,"HKL","OR",16
1917,"HKL","OR",226.999999999942
1918,"HKL","OR",162.000000000022
1919,"HKL","OR",194.999999999971
1920,"HKL","OR",65
1921,"HKL","OR",64.9999999999782
1922,"HKL","OR",37.0000000000582
1923,"HKL","OR",161.999999999985
1924,"HKL","OR",103.999999999971
1925,"HKL","OR",226.000000000015
1926,"HKL","OR",251.000000000007
1927,"HKL","OR",217.876712328767
1928,"HKL","OR",181.542229882972
1929,"HKL","OR",98.4582237140524
1930,"HKL","OR",123.416946384832
1931,"HKL","OR",41.4977773745804
1932,"HKL","OR",51.0047174090538
1933,"HKL","OR",15.1723668692733
1934,"HKL","OR",66.4211194774562
1935,"HKL","OR",58.8968520366506
1936,"HKL","OR",175.458132994648
1937,"HKL","OR",95.1560373763948
1938,"HKL","OR",80.691281865191
1939,"HKL","OR",62.4643926335843
1940,"HKL","OR",42.0321146693278
1941,"HKL","OR",103.329402159122
1942,"HKL","OR",321.010614170371
1943,"HKL","OR",235.507575070308
1944,"HKL","OR",10.7956091808038
1945,"HKL","OR",73.2105597387281
1946,"HKL","OR",367.096071849769
1947,"HKL","OR",75.0703075387825
1948,"HKL","OR",256.146239680668
1949,"HKL","OR",205.615531162116
1950,"HKL","OR",125.691735462215
1951,"HKL","OR",149.823097160483
1952,"HKL","OR",33.248661888778
1953,"HKL","OR",31.6610723033657
1954,"HKL","OR",88.6782182708882
1955,"HKL","OR",35.562006713236
1956,"HKL","OR",57.0171459675225
1957,"HKL","OR",172.911185702622
1958,"HKL","OR",35.0176902839517
1959,"HKL","OR",75.7960627778282
1960,"HKL","OR",82.4185793341196
1961,"HKL","OR",147.464392633584
1962,"HKL","OR",78.2908464120475
1963,"HKL","OR",112.628141159394
1964,"HKL","OR",7.84722852218089
1965,"HKL","OR",83.4618524902477
1966,"HKL","OR",96.9790438174726
1967,"HKL","OR",210.695817835435
1968,"HKL","OR",231.788079470199
1969,"HKL","OR",253.560736641568
1970,"HKL","OR",21.90873627869
1971,"HKL","OR",6.39571804408963
1972,"HKL","OR",11.1584868003266
1973,"HKL","OR",73.2559194411685
1974,"HKL","OR",1.36079107321056
1975,"HKL","OR",0.090719404880704
1976,"HKL","OR",1.1725483080831
1977,"HKL","OR",14.1100426381203
1978,"HKL","OR",320.503039100064
1979,"HKL","OR",1821.14623968067
1980,"HKL","OR",379.614896126281
1981,"HKL","OR",700.647282953824
1982,"HKL","OR",641.242855846866
1983,"HKL","OR",551.440170552481
1984,"HKL","OR",226.820284858931
1985,"HKL","OR",514.398076748617
1986,"HKL","OR",1078.72221718226
1987,"HKL","OR",1000.6586
1988,"HKL","OR",707.9151
1989,"HKL","OR",424.4845
1990,"HKL","OR",397.3128
1991,"HKL","OR",735.6592
1992,"HKL","OR",904.928
1993,"HKL","OR",669.9054
1994,"HKL","OR",833.193
1995,"HKL","OR",635.6103
1996,"HKL","OR",592.0876
1997,"HKL","OR",751.355
1998,"HKL","OR",346.0495
1999,"HKL","OR",659.2765
2000,"HKL","OR",656.2118
2001,"HKL","OR",548.2516
2002,"HKL","OR",312.669
2003,"HKL","OR",482.4378
2004,"HKL","OR",563.7231
2005,"HKL","OR",714.1468
2006,"HKL","OR",547.0034
2007,"HKL","OR",495.5138
2008,"HKL","OR",619.1511
2009,"HKL","OR",873.0956
2010,"HKL","OR",802.0946
2011,"HKL","OR",801.5572
2012,"HKL","OR",759.6639
2013,"HKL","OR",375.3869
2014,"HKL","OR",317.8825
1900,"POT","OR",0
1901,"POT","OR",0
1902,"POT","OR",0
1903,"POT","OR",0
1904,"POT","OR",0
1905,"POT","OR",0
1906,"POT","OR",0
1907,"POT","OR",0
1908,"POT","OR",0
1909,"POT","OR",0
1910,"POT","OR",0
1911,"POT","OR",0
1912,"POT","OR",0
1913,"POT","OR",0
1914,"POT","OR",0
1915,"POT","OR",0
1916,"POT","OR",0
1917,"POT","OR",0
1918,"POT","OR",0
1919,"POT","OR",0
1920,"POT","OR",0
1921,"POT","OR",0
1922,"POT","OR",0
1923,"POT","OR",0
1924,"POT","OR",0
1925,"POT","OR",0
1926,"POT","OR",0
1927,"POT","OR",0
1928,"POT","OR",0
1929,"POT","OR",0
1930,"POT","OR",0
1931,"POT","OR",0
1932,"POT","OR",0
1933,"POT","OR",0
1934,"POT","OR",0
1935,"POT","OR",0
1936,"POT","OR",0
1937,"POT","OR",0
1938,"POT","OR",0
1939,"POT","OR",0
1940,"POT","OR",0
1941,"POT","OR",0
1942,"POT","OR",0
1943,"POT","OR",0
1944,"POT","OR",0
1945,"POT","OR",0
1946,"POT","OR",0
1947,"POT","OR",0
1948,"POT","OR",0
1949,"POT","OR",0
1950,"POT","OR",0
1951,"POT","OR",0
1952,"POT","OR",0
1953,"POT","OR",0
1954,"POT","OR",0
1955,"POT","OR",0
1956,"POT","OR",0
1957,"POT","OR",0
1958,"POT","OR",0
1959,"POT","OR",0
1960,"POT","OR",0
1961,"POT","OR",0
1962,"POT","OR",0
1963,"POT","OR",0
1964,"POT","OR",0
1965,"POT","OR",0
1966,"POT","OR",0
1967,"POT","OR",0
1968,"POT","OR",0
1969,"POT","OR",0
1970,"POT","OR",0
1971,"POT","OR",0
1972,"POT","OR",0
1973,"POT","OR",0
1974,"POT","OR",0
1975,"POT","OR",0
1976,"POT","OR",0
1977,"POT","OR",0
1978,"POT","OR",329.006622516556
1979,"POT","OR",4351.05234509662
1980,"POT","OR",1241.05778826091
1981,"POT","OR",277.174997732015
1982,"POT","OR",1456.92415857752
1983,"POT","OR",1317.84087816384
1984,"POT","OR",1828.38428739907
1985,"POT","OR",1898.59838519459
1986,"POT","OR",1424.01796244217
1987,"POT","OR",1689.6545
1988,"POT","OR",1200.964
1989,"POT","OR",895.8581
1990,"POT","OR",780.2541
1991,"POT","OR",709.559
1992,"POT","OR",397.2229
1993,"POT","OR",649.6866
1994,"POT","OR",1171.9978
1995,"POT","OR",642.373
1996,"POT","OR",506.158
1997,"POT","OR",324.8697
1998,"POT","OR",343.9336
1999,"POT","OR",614.7293
2000,"POT","OR",647.8209
2001,"POT","OR",450.7234
2002,"POT","OR",310.1651
2003,"POT","OR",397.6422
2004,"POT","OR",484.6862
2005,"POT","OR",523.9777
2006,"POT","OR",550.5656
2007,"POT","OR",374.5367
2008,"POT","OR",372.1494
2009,"POT","OR",420.175
2010,"POT","OR",345.2648
2011,"POT","OR",516.6753
2012,"POT","OR",494.771
2013,"POT","OR",495.3653
2014,"POT","OR",457.6443
1900,"TWL","OR",0
1901,"TWL","OR",0
1902,"TWL","OR",0
1903,"TWL","OR",0
1904,"TWL","OR",0
1905,"TWL","OR",0
1906,"TWL","OR",0
1907,"TWL","OR",0
1908,"TWL","OR",0
1909,"TWL","OR",0
1910,"TWL","OR",0
1911,"TWL","OR",0
1912,"TWL","OR",0
1913,"TWL","OR",0
1914,"TWL","OR",0
1915,"TWL","OR",0
1916,"TWL","OR",0
1917,"TWL","OR",0
1918,"TWL","OR",0
1919,"TWL","OR",0
1920,"TWL","OR",0
1921,"TWL","OR",0
1922,"TWL","OR",0
1923,"TWL","OR",0
1924,"TWL","OR",0
1925,"TWL","OR",0
1926,"TWL","OR",0
1927,"TWL","OR",0
1928,"TWL","OR",0
1929,"TWL","OR",0
1930,"TWL","OR",0
1931,"TWL","OR",0
1932,"TWL","OR",0
1933,"TWL","OR",0.27578699083734
1934,"TWL","OR",0
1935,"TWL","OR",0
1936,"TWL","OR",0
1937,"TWL","OR",0.648643744897033
1938,"TWL","OR",0
1939,"TWL","OR",0.908101242855847
1940,"TWL","OR",1.16755874081466
1941,"TWL","OR",15.1047809126372
1942,"TWL","OR",89.6307720221355
1943,"TWL","OR",488.43327587771
1944,"TWL","OR",350.358341649279
1945,"TWL","OR",189.558196498231
1946,"TWL","OR",291.436088179262
1947,"TWL","OR",109.54368139345
1948,"TWL","OR",64.1839789530981
1949,"TWL","OR",45.9040188696362
1950,"TWL","OR",76.8846956363966
1951,"TWL","OR",174.045178263631
1952,"TWL","OR",109.090084369047
1953,"TWL","OR",100.290302095618
1954,"TWL","OR",169.781366234238
1955,"TWL","OR",101.469654359067
1956,"TWL","OR",205.524811757235
1957,"TWL","OR",118.660981583961
1958,"TWL","OR",78.8351628413318
1959,"TWL","OR",54.2048444162206
1960,"TWL","OR",121.15576521818
1961,"TWL","OR",110.087997822734
1962,"TWL","OR",97.0697632223533
1963,"TWL","OR",137.485258096707
1964,"TWL","OR",177.129638029575
1965,"TWL","OR",82.5092987390003
1966,"TWL","OR",77.6104508754423
1967,"TWL","OR",82.9628957634038
1968,"TWL","OR",52.7533339381294
1969,"TWL","OR",115.349723305815
1970,"TWL","OR",102.422208110315
1971,"TWL","OR",190.420030844598
1972,"TWL","OR",202.485711693731
1973,"TWL","OR",528.485893132541
1974,"TWL","OR",288.351628413318
1975,"TWL","OR",332.214460673138
1976,"TWL","OR",489.010704889776
1977,"TWL","OR",403.697269345913
1978,"TWL","OR",1081.4256554477
1979,"TWL","OR",1550.17781003357
1980,"TWL","OR",1112.62768756237
1981,"TWL","OR",1365.60509843055
1982,"TWL","OR",2991.56989930146
1983,"TWL","OR",2773.17926154404
1984,"TWL","OR",2782.87444434365
1985,"TWL","OR",2859.7695727116
1986,"TWL","OR",2151.97722942937
1987,"TWL","OR",2547.7963
1988,"TWL","OR",2173.204
1989,"TWL","OR",2628.103
1990,"TWL","OR",2527.3926
1991,"TWL","OR",2460.7274
1992,"TWL","OR",2553.9287
1993,"TWL","OR",2515.8573
1994,"TWL","OR",1999.6153
1995,"TWL","OR",1856.6688
1996,"TWL","OR",2076.5792
1997,"TWL","OR",1847.9961
1998,"TWL","OR",1054.2108
1999,"TWL","OR",1672.5261
2000,"TWL","OR",1492.6955
2001,"TWL","OR",1526.4574
2002,"TWL","OR",782.9072
2003,"TWL","OR",1169.6308
2004,"TWL","OR",1503.197
2005,"TWL","OR",1406.9603
2006,"TWL","OR",1551.2088
2007,"TWL","OR",1557.3942
2008,"TWL","OR",1965.9136
2009,"TWL","OR",2007.8582
2010,"TWL","OR",1710.1159
2011,"TWL","OR",983.8369
2012,"TWL","OR",886.8319
2013,"TWL","OR",865.3781
2014,"TWL","OR",715.2753
1900,"HKL","WA",49.9342832579966
1901,"HKL","WA",75.0951082876797
1902,"HKL","WA",100.255933317363
1903,"HKL","WA",125.416758347046
1904,"HKL","WA",150.577583376729
1905,"HKL","WA",131.851101088704
1906,"HKL","WA",113.124618800672
1907,"HKL","WA",94.3981365126468
1908,"HKL","WA",75.6716542246363
1909,"HKL","WA",117.917083546396
1910,"HKL","WA",160.16251286817
1911,"HKL","WA",202.407942189944
1912,"HKL","WA",244.653371511704
1913,"HKL","WA",286.898800833478
1914,"HKL","WA",329.144230155238
1915,"HKL","WA",371.389659477012
1916,"HKL","WA",1281.37133596797
1917,"HKL","WA",1502.19680324849
1918,"HKL","WA",2710.08462546331
1919,"HKL","WA",875.357696708086
1920,"HKL","WA",454.691930707028
1921,"HKL","WA",789.714752572166
1922,"HKL","WA",433.595317619117
1923,"HKL","WA",1107.23812153532
1924,"HKL","WA",1024.19932278998
1925,"HKL","WA",1192.39469962651
1926,"HKL","WA",996.151565596175
1927,"HKL","WA",1254.15091768942
1928,"HKL","WA",904.477528963443
1929,"HKL","WA",934.456195650931
1930,"HKL","WA",1252.38749789007
1931,"HKL","WA",579.989898069722
1932,"HKL","WA",748.596253065463
1933,"HKL","WA",665.277744665197
1934,"HKL","WA",1010.12649859601
1935,"HKL","WA",1261.11272929847
1936,"HKL","WA",1235.97035233544
1937,"HKL","WA",1381.68332936915
1938,"HKL","WA",1233.31283590731
1939,"HKL","WA",1588.06875773653
1940,"HKL","WA",1065.16861851416
1941,"HKL","WA",1073.54655166045
1942,"HKL","WA",1292.74089841711
1943,"HKL","WA",932.940438365631
1944,"HKL","WA",829.923192334438
1945,"HKL","WA",694.907354025316
1946,"HKL","WA",1695.32107599877
1947,"HKL","WA",1250.6217313686
1948,"HKL","WA",1130.42610996686
1949,"HKL","WA",1026.80210448065
1950,"HKL","WA",809.079284279386
1951,"HKL","WA",1161.30394673709
1952,"HKL","WA",780.776203553289
1953,"HKL","WA",697.360849373416
1954,"HKL","WA",913.839544419773
1955,"HKL","WA",982.271943038883
1956,"HKL","WA",525.599071045996
1957,"HKL","WA",1134.9571026579
1958,"HKL","WA",496.571173029786
1959,"HKL","WA",902.551553382703
1960,"HKL","WA",1293.82203380536
1961,"HKL","WA",696.629820827386
1962,"HKL","WA",666.695899006562
1963,"HKL","WA",604.939167291064
1964,"HKL","WA",670.352261654642
1965,"HKL","WA",439.281679241786
1966,"HKL","WA",200.349225009484
1967,"HKL","WA",72.5376613563109
1968,"HKL","WA",23.1597568719949
1969,"HKL","WA",58.8404102272042
1970,"HKL","WA",58.060278508573
1971,"HKL","WA",30.163308536696
1972,"HKL","WA",72.526245123832
1973,"HKL","WA",47.8902249841241
1974,"HKL","WA",154.664415313436
1975,"HKL","WA",168.12714324594
1976,"HKL","WA",183.370987934319
1977,"HKL","WA",294.637344643019
1978,"HKL","WA",598.457761045088
1979,"HKL","WA",1531.07574616711
1980,"HKL","WA",530.430785630046
1981,"HKL","WA",491.765981887756
1982,"HKL","WA",400.077307568351
1983,"HKL","WA",346.253892140936
1984,"HKL","WA",786.694064744606
1985,"HKL","WA",1943.39153350997
1986,"HKL","WA",1667.08406382334
1987,"HKL","WA",2099.30169359319
1988,"HKL","WA",1956.21111227964
1989,"HKL","WA",1621.81784669649
1990,"HKL","WA",1155.02375597045
1991,"HKL","WA",1906.82235459986
1992,"HKL","WA",1387.97109353332
1993,"HKL","WA",1203.20886918358
1994,"HKL","WA",962.009868213153
1995,"HKL","WA",1478.37865080118
1996,"HKL","WA",1540.87025414627
1997,"HKL","WA",1644.80183077633
1998,"HKL","WA",947.713377552839
1999,"HKL","WA",1402.74089312893
2000,"HKL","WA",1327.8293
2001,"HKL","WA",1206.25138875198
2002,"HKL","WA",924.984877454355
2003,"HKL","WA",1244.90372377909
2004,"HKL","WA",1511.20184661053
2005,"HKL","WA",1543.14593251331
2006,"HKL","WA",1551.58060300235
2007,"HKL","WA",1137.7366
2008,"HKL","WA",1134.76483390669
2009,"HKL","WA",1369.1117
2010,"HKL","WA",1200.67370668833
2011,"HKL","WA",1151.47814319953
2012,"HKL","WA",990.672500045343
2013,"HKL","WA",670.732512589533
2014,"HKL","WA",821.233396651099
1900,"POT","WA",0
1901,"POT","WA",0
1902,"POT","WA",0
1903,"POT","WA",0
1904,"POT","WA",0
1905,"POT","WA",0
1906,"POT","WA",0
1907,"POT","WA",0
1908,"POT","WA",0
1909,"POT","WA",0
1910,"POT","WA",0
1911,"POT","WA",0
1912,"POT","WA",0
1913,"POT","WA",0
1914,"POT","WA",0
1915,"POT","WA",0
1916,"POT","WA",0
1917,"POT","WA",0
1918,"POT","WA",0
1919,"POT","WA",0
1920,"POT","WA",0
1921,"POT","WA",0
1922,"POT","WA",0
1923,"POT","WA",0
1924,"POT","WA",0
1925,"POT","WA",0
1926,"POT","WA",0
1927,"POT","WA",0
1928,"POT","WA",0
1929,"POT","WA",0
1930,"POT","WA",0
1931,"POT","WA",0
1932,"POT","WA",0
1933,"POT","WA",0
1934,"POT","WA",0
1935,"POT","WA",0
1936,"POT","WA",0
1937,"POT","WA",0
1938,"POT","WA",0
1939,"POT","WA",0
1940,"POT","WA",0
1941,"POT","WA",0
1942,"POT","WA",0
1943,"POT","WA",0
1944,"POT","WA",0
1945,"POT","WA",0
1946,"POT","WA",0
1947,"POT","WA",0
1948,"POT","WA",0
1949,"POT","WA",0
1950,"POT","WA",0
1951,"POT","WA",0
1952,"POT","WA",0
1953,"POT","WA",0
1954,"POT","WA",0
1955,"POT","WA",0
1956,"POT","WA",0
1957,"POT","WA",0
1958,"POT","WA",0
1959,"POT","WA",0
1960,"POT","WA",0
1961,"POT","WA",0
1962,"POT","WA",0
1963,"POT","WA",0
1964,"POT","WA",0
1965,"POT","WA",0
1966,"POT","WA",0
1967,"POT","WA",0
1968,"POT","WA",0
1969,"POT","WA",0
1970,"POT","WA",113.846693277692
1971,"POT","WA",119.984895219087
1972,"POT","WA",0
1973,"POT","WA",159.565277147782
1974,"POT","WA",209.840116120838
1975,"POT","WA",572.545232695274
1976,"POT","WA",117.728399709698
1977,"POT","WA",361.458210106142
1978,"POT","WA",489.125632767849
1979,"POT","WA",420.29702440352
1980,"POT","WA",405.187099700626
1981,"POT","WA",1287.65265728662
1982,"POT","WA",1678.94515818029
1983,"POT","WA",1555.60112720511
1984,"POT","WA",1098.83061574918
1985,"POT","WA",922.616960325317
1986,"POT","WA",33.9365351541372
1988,"POT","WA",179.700678247893
1989,"POT","WA",162.990041905222
1990,"POT","WA",99.0367337310633
1992,"POT","WA",6.90307176376781
1993,"POT","WA",0.0522670739555516
1994,"POT","WA",12.8486887496086
1995,"POT","WA",112.768565678866
1996,"POT","WA",39.5382812830007
1997,"POT","WA",51.8898972901623
1998,"POT","WA",40.2462841914127
1999,"POT","WA",9.59676744183925
2000,"POT","WA",30.4774
2001,"POT","WA",58.586378551918
2002,"POT","WA",17.6316028799921
2003,"POT","WA",186.53336061553
2004,"POT","WA",51.5673994260233
2005,"POT","WA",131.396687530506
2006,"POT","WA",128.873398934633
2007,"POT","WA",15.0232
2008,"POT","WA",11.1627865364567
2009,"POT","WA",13.0676
2010,"POT","WA",153.20280575067
2011,"POT","WA",174.935318284278
2012,"POT","WA",194.940839084824
2013,"POT","WA",124.719128948407
2014,"POT","WA",112.142213268553
1900,"TWL","WA",0
1901,"TWL","WA",0
1902,"TWL","WA",0
1903,"TWL","WA",0
1904,"TWL","WA",0
1905,"TWL","WA",0
1906,"TWL","WA",0
1907,"TWL","WA",0
1908,"TWL","WA",0
1909,"TWL","WA",0
1910,"TWL","WA",0
1911,"TWL","WA",0
1912,"TWL","WA",0
1913,"TWL","WA",0
1914,"TWL","WA",0
1915,"TWL","WA",0
1916,"TWL","WA",15.6287584146521
1917,"TWL","WA",31.2575168293077
1918,"TWL","WA",46.8862752439598
1919,"TWL","WA",62.5150336586155
1920,"TWL","WA",78.1437920732711
1921,"TWL","WA",93.7725504879268
1922,"TWL","WA",109.401308902582
1923,"TWL","WA",125.030067317238
1924,"TWL","WA",140.658825731894
1925,"TWL","WA",156.28758414655
1926,"TWL","WA",171.916342561205
1927,"TWL","WA",153.228165210354
1928,"TWL","WA",271.413903918187
1929,"TWL","WA",256.493412574708
1930,"TWL","WA",228.734541699196
1931,"TWL","WA",127.478497836776
1932,"TWL","WA",169.591125255478
1933,"TWL","WA",79.5938975002403
1934,"TWL","WA",0.0448357824699542
1935,"TWL","WA",2.93381976032442
1936,"TWL","WA",5.15611498404473
1937,"TWL","WA",0
1938,"TWL","WA",6.90471050037294
1939,"TWL","WA",15.670105973249
1940,"TWL","WA",34.9719103265643
1941,"TWL","WA",87.8781336411102
1942,"TWL","WA",64.6896699889241
1943,"TWL","WA",249.906168557481
1944,"TWL","WA",578.151272447861
1945,"TWL","WA",228.26427935297
1946,"TWL","WA",180.057632909258
1947,"TWL","WA",42.4308381758374
1948,"TWL","WA",81.9196083507245
1949,"TWL","WA",147.944788379735
1950,"TWL","WA",153.532073790106
1951,"TWL","WA",486.404934692644
1952,"TWL","WA",203.803765602114
1953,"TWL","WA",64.6871411917655
1954,"TWL","WA",90.8892045596341
1955,"TWL","WA",145.573924692225
1956,"TWL","WA",1335.43558376667
1957,"TWL","WA",144.634206423113
1958,"TWL","WA",140.345727995344
1959,"TWL","WA",308.729404614213
1960,"TWL","WA",362.557354745854
1961,"TWL","WA",139.531387555087
1962,"TWL","WA",896.301016533672
1963,"TWL","WA",176.98544488348
1964,"TWL","WA",86.6580803575146
1965,"TWL","WA",44.0336614095797
1966,"TWL","WA",51.3544854141756
1967,"TWL","WA",48.8979732259262
1968,"TWL","WA",38.2409507393632
1969,"TWL","WA",36.332863836118
1970,"TWL","WA",40.8936178898666
1971,"TWL","WA",34.7569128186519
1972,"TWL","WA",10.4611993105325
1973,"TWL","WA",25.2772974689286
1974,"TWL","WA",37.5343463666878
1975,"TWL","WA",95.9052662614533
1976,"TWL","WA",250.518375215459
1977,"TWL","WA",217.075201850676
1978,"TWL","WA",533.035920348363
1979,"TWL","WA",585.832890320239
1980,"TWL","WA",305.657135081194
1981,"TWL","WA",577.657860825626
1982,"TWL","WA",1802.38343425136
1983,"TWL","WA",1412.65738065395
1984,"TWL","WA",2464.70821950621
1985,"TWL","WA",819.551006164716
1986,"TWL","WA",574.36130102252
1987,"TWL","WA",849.430806406806
1988,"TWL","WA",669.01370947247
1989,"TWL","WA",476.058511398283
1990,"TWL","WA",355.465610298487
1991,"TWL","WA",329.67134540014
1992,"TWL","WA",394.935734702909
1993,"TWL","WA",509.59826374246
1994,"TWL","WA",413.080443037239
1995,"TWL","WA",369.882183519951
1996,"TWL","WA",365.852164570729
1997,"TWL","WA",353.187871933512
1998,"TWL","WA",192.202538255748
1999,"TWL","WA",286.700839429232
2000,"TWL","WA",205.8585
2001,"TWL","WA",282.2580326961
2002,"TWL","WA",131.529619665653
2003,"TWL","WA",188.279115605378
2004,"TWL","WA",205.367153963447
2005,"TWL","WA",232.658679956182
2006,"TWL","WA",225.504998063016
2007,"TWL","WA",186.1158
2008,"TWL","WA",173.171079556857
2009,"TWL","WA",202.995
2010,"TWL","WA",118.722087561001
2011,"TWL","WA",209.639538516195
2012,"TWL","WA",129.062460869833
2013,"TWL","WA",80.4984584620603
2014,"TWL","WA",84.0109900803478
