West Coast Groundfish Slope/Shelf Bottom Trawl Survey data,,,,,,,,,,,,,,,,,,,,,,,
Biomass/Abundance Estimates,,,,,,,,,,,,,,,,,,,,,,,
sablefish,,,,,,,,,,,,,,,,,,,,,,,
Extracted: 2/17/2015,,,,,,,,,,,,,,,,,,,,,,,
,,,,,,,,,,,,,,,,,,,,,,,
Species,Scientific Name,Species Code,Survey Year,Project,Computed Stratum Area Version,Area Set Identifier,Area Name,Southern Latitude (dd),Northern Latitude (dd),Depth Strata Set,Min Stratum Depth (m),Max Stratum Depth (m),Stratum Area (sq m),Biomass (kg),Abundance (Numbers),Cpue Weight Variance,Cpue Count Variance,Biomass Variance,Biomass CV,N (Stratum),N (Stratum Bio),N (Stratum Positive),N (Stratum Bio Positive)
sablefish,Anoplopoma fimbria,20510,1998,Groundfish Slope Survey,L32 34 34.5 40.5 45 49 D55 183 549 900 1280 Sblfsh,Coastwide: (32/34/34.5/40.5/45/49),45To49Degs,45,49,55 183 549 900 1280 meter bounds,182.88,548.64,5828866862,2314977.9,1103085,1.48656E-07,4.428E-08,1.4855E+11,0.16649,34,34,27,27
sablefish,Anoplopoma fimbria,20510,1998,Groundfish Slope Survey,L32 34 34.5 40.5 45 49 D55 183 549 900 1280 Sblfsh,Coastwide: (32/34/34.5/40.5/45/49),45To49Degs,45,49,55 183 549 900 1280 meter bounds,548.64,900,4023607871,3785728.58,1870795,6.42897E-07,1.42436E-07,9.46194E+11,0.256945,11,11,11,11
sablefish,Anoplopoma fimbria,20510,1998,Groundfish Slope Survey,L32 34 34.5 40.5 45 49 D55 183 549 900 1280 Sblfsh,Coastwide: (32/34/34.5/40.5/45/49),45To49Degs,45,49,55 183 549 900 1280 meter bounds,900,1280.16,3954626654,2385624.46,904023,2.72532E-07,5.3855E-08,2.50715E+11,0.209888,18,17,16,15
sablefish,Anoplopoma fimbria,20510,1998,Groundfish Slope Survey,L32 34 34.5 40.5 45 49 D55 183 549 900 1280 Sblfsh,Coastwide: (32/34/34.5/40.5/45/49),40Pt5To45Degs,40.5,45,55 183 549 900 1280 meter bounds,182.88,548.64,6210902689,3266170.44,2030046,3.95453E-07,5.88605E-07,2.63013E+11,0.157018,58,58,47,47
sablefish,Anoplopoma fimbria,20510,1998,Groundfish Slope Survey,L32 34 34.5 40.5 45 49 D55 183 549 900 1280 Sblfsh,Coastwide: (32/34/34.5/40.5/45/49),40Pt5To45Degs,40.5,45,55 183 549 900 1280 meter bounds,548.64,900,5264062343,4297330.29,1688136,5.84774E-07,9.8625E-08,6.48171E+11,0.187347,26,25,26,25
sablefish,Anoplopoma fimbria,20510,1998,Groundfish Slope Survey,L32 34 34.5 40.5 45 49 D55 183 549 900 1280 Sblfsh,Coastwide: (32/34/34.5/40.5/45/49),40Pt5To45Degs,40.5,45,55 183 549 900 1280 meter bounds,900,1280.16,5303944406,3880341.2,1201057,4.88744E-07,7.1955E-08,5.09232E+11,0.183903,27,27,25,25
sablefish,Anoplopoma fimbria,20510,1998,Groundfish Slope Survey,L32 34 34.5 40.5 45 49 D55 183 549 900 1280 Sblfsh,Coastwide: (32/34/34.5/40.5/45/49),34Pt5To40Pt5Degs,34.5,40.5,55 183 549 900 1280 meter bounds,182.88,548.64,6951653513,1596818.55,1094214,1.44904E-07,1.46505E-07,1.32124E+11,0.227633,53,53,31,31
sablefish,Anoplopoma fimbria,20510,1998,Groundfish Slope Survey,L32 34 34.5 40.5 45 49 D55 183 549 900 1280 Sblfsh,Coastwide: (32/34/34.5/40.5/45/49),34Pt5To40Pt5Degs,34.5,40.5,55 183 549 900 1280 meter bounds,548.64,900,7801299712,4800429.94,2785896,4.64035E-07,2.34657E-07,8.55798E+11,0.192711,33,33,32,32
sablefish,Anoplopoma fimbria,20510,1998,Groundfish Slope Survey,L32 34 34.5 40.5 45 49 D55 183 549 900 1280 Sblfsh,Coastwide: (32/34/34.5/40.5/45/49),34Pt5To40Pt5Degs,34.5,40.5,55 183 549 900 1280 meter bounds,900,1280.16,8058579586,7557872.96,3205245,9.49727E-07,2.32331E-07,1.50429E+12,0.162281,41,41,39,39
sablefish,Anoplopoma fimbria,20510,1999,Groundfish Slope Survey,L32 34 34.5 40.5 45 49 D55 183 549 900 1280 Sblfsh,Coastwide: (32/34/34.5/40.5/45/49),45To49Degs,45,49,55 183 549 900 1280 meter bounds,182.88,548.64,5828866862,2918177.91,1679730,2.05665E-07,9.6963E-08,1.88854E+11,0.148919,37,37,31,31
sablefish,Anoplopoma fimbria,20510,1999,Groundfish Slope Survey,L32 34 34.5 40.5 45 49 D55 183 549 900 1280 Sblfsh,Coastwide: (32/34/34.5/40.5/45/49),45To49Degs,45,49,55 183 549 900 1280 meter bounds,548.64,900,4023607871,4211713.63,2044048,1.08999E-06,2.21772E-07,7.67232E+11,0.207972,24,23,24,23
sablefish,Anoplopoma fimbria,20510,1999,Groundfish Slope Survey,L32 34 34.5 40.5 45 49 D55 183 549 900 1280 Sblfsh,Coastwide: (32/34/34.5/40.5/45/49),45To49Degs,45,49,55 183 549 900 1280 meter bounds,900,1280.16,3954626654,2401054.54,1067293,1.99651E-07,4.4293E-08,1.56118E+11,0.16456,20,20,19,19
sablefish,Anoplopoma fimbria,20510,1999,Groundfish Slope Survey,L32 34 34.5 40.5 45 49 D55 183 549 900 1280 Sblfsh,Coastwide: (32/34/34.5/40.5/45/49),40Pt5To45Degs,40.5,45,55 183 549 900 1280 meter bounds,182.88,548.64,6210902689,4976538.81,2434630,1.10089E-06,2.01528E-07,8.01266E+11,0.179871,53,53,44,44
sablefish,Anoplopoma fimbria,20510,1999,Groundfish Slope Survey,L32 34 34.5 40.5 45 49 D55 183 549 900 1280 Sblfsh,Coastwide: (32/34/34.5/40.5/45/49),40Pt5To45Degs,40.5,45,55 183 549 900 1280 meter bounds,548.64,900,5264062343,6630968.78,3691977,1.6007E-06,4.13006E-07,1.70599E+12,0.196975,26,26,25,25
sablefish,Anoplopoma fimbria,20510,1999,Groundfish Slope Survey,L32 34 34.5 40.5 45 49 D55 183 549 900 1280 Sblfsh,Coastwide: (32/34/34.5/40.5/45/49),40Pt5To45Degs,40.5,45,55 183 549 900 1280 meter bounds,900,1280.16,5303944406,4760146.9,2094224,4.75632E-07,9.6767E-08,3.18581E+11,0.118574,43,42,42,41
sablefish,Anoplopoma fimbria,20510,1999,Groundfish Slope Survey,L32 34 34.5 40.5 45 49 D55 183 549 900 1280 Sblfsh,Coastwide: (32/34/34.5/40.5/45/49),34Pt5To40Pt5Degs,34.5,40.5,55 183 549 900 1280 meter bounds,182.88,548.64,6951653513,8820831.01,5194041,4.40167E-05,1.37593E-05,3.6053E+13,0.680709,59,59,49,49
sablefish,Anoplopoma fimbria,20510,1999,Groundfish Slope Survey,L32 34 34.5 40.5 45 49 D55 183 549 900 1280 Sblfsh,Coastwide: (32/34/34.5/40.5/45/49),34Pt5To40Pt5Degs,34.5,40.5,55 183 549 900 1280 meter bounds,548.64,900,7801299712,6508886.73,3588085,1.3178E-06,3.20508E-07,2.67339E+12,0.251203,30,30,30,30
sablefish,Anoplopoma fimbria,20510,1999,Groundfish Slope Survey,L32 34 34.5 40.5 45 49 D55 183 549 900 1280 Sblfsh,Coastwide: (32/34/34.5/40.5/45/49),34Pt5To40Pt5Degs,34.5,40.5,55 183 549 900 1280 meter bounds,900,1280.16,8058579586,7544908.5,3539427,7.54421E-07,1.60235E-07,1.53102E+12,0.163997,32,32,31,31
sablefish,Anoplopoma fimbria,20510,2000,Groundfish Slope Survey,L32 34 34.5 40.5 45 49 D55 183 549 900 1280 Sblfsh,Coastwide: (32/34/34.5/40.5/45/49),45To49Degs,45,49,55 183 549 900 1280 meter bounds,182.88,548.64,5828866862,5513196.89,2757358,2.54515E-06,5.19264E-07,2.78946E+12,0.30294,33,31,27,26
sablefish,Anoplopoma fimbria,20510,2000,Groundfish Slope Survey,L32 34 34.5 40.5 45 49 D55 183 549 900 1280 Sblfsh,Coastwide: (32/34/34.5/40.5/45/49),45To49Degs,45,49,55 183 549 900 1280 meter bounds,548.64,900,4023607871,3368372.62,1667193,2.27509E-07,7.3698E-08,3.06937E+11,0.164477,13,12,12,11
sablefish,Anoplopoma fimbria,20510,2000,Groundfish Slope Survey,L32 34 34.5 40.5 45 49 D55 183 549 900 1280 Sblfsh,Coastwide: (32/34/34.5/40.5/45/49),45To49Degs,45,49,55 183 549 900 1280 meter bounds,900,1280.16,3954626654,4483803.52,1961901,2.46674E-06,4.33056E-07,1.75353E+12,0.295331,23,22,20,20
sablefish,Anoplopoma fimbria,20510,2000,Groundfish Slope Survey,L32 34 34.5 40.5 45 49 D55 183 549 900 1280 Sblfsh,Coastwide: (32/34/34.5/40.5/45/49),40Pt5To45Degs,40.5,45,55 183 549 900 1280 meter bounds,182.88,548.64,6210902689,6964635.65,3438117,4.98368E-06,6.45532E-07,3.62731E+12,0.27346,54,53,51,50
sablefish,Anoplopoma fimbria,20510,2000,Groundfish Slope Survey,L32 34 34.5 40.5 45 49 D55 183 549 900 1280 Sblfsh,Coastwide: (32/34/34.5/40.5/45/49),40Pt5To45Degs,40.5,45,55 183 549 900 1280 meter bounds,548.64,900,5264062343,6918502.74,3547232,2.59075E-06,5.95995E-07,2.24346E+12,0.216494,32,32,32,32
sablefish,Anoplopoma fimbria,20510,2000,Groundfish Slope Survey,L32 34 34.5 40.5 45 49 D55 183 549 900 1280 Sblfsh,Coastwide: (32/34/34.5/40.5/45/49),40Pt5To45Degs,40.5,45,55 183 549 900 1280 meter bounds,900,1280.16,5303944406,4318059,1870125,5.53793E-07,7.3739E-08,4.4512E+11,0.154508,36,35,36,35
sablefish,Anoplopoma fimbria,20510,2000,Groundfish Slope Survey,L32 34 34.5 40.5 45 49 D55 183 549 900 1280 Sblfsh,Coastwide: (32/34/34.5/40.5/45/49),34Pt5To40Pt5Degs,34.5,40.5,55 183 549 900 1280 meter bounds,182.88,548.64,6951653513,3846335.12,4339720,7.26732E-07,2.03487E-06,5.08981E+11,0.185483,70,69,58,58
sablefish,Anoplopoma fimbria,20510,2000,Groundfish Slope Survey,L32 34 34.5 40.5 45 49 D55 183 549 900 1280 Sblfsh,Coastwide: (32/34/34.5/40.5/45/49),34Pt5To40Pt5Degs,34.5,40.5,55 183 549 900 1280 meter bounds,548.64,900,7801299712,4464617.7,2509564,2.93029E-07,9.1721E-08,5.09539E+11,0.159884,36,35,34,33
sablefish,Anoplopoma fimbria,20510,2000,Groundfish Slope Survey,L32 34 34.5 40.5 45 49 D55 183 549 900 1280 Sblfsh,Coastwide: (32/34/34.5/40.5/45/49),34Pt5To40Pt5Degs,34.5,40.5,55 183 549 900 1280 meter bounds,900,1280.16,8058579586,8962680.85,4239321,1.87204E-06,4.6292E-07,3.79911E+12,0.217472,32,32,31,31
sablefish,Anoplopoma fimbria,20510,2001,Groundfish Slope Survey,L32 34 34.5 40.5 45 49 D55 183 549 900 1280 Sblfsh,Coastwide: (32/34/34.5/40.5/45/49),45To49Degs,45,49,55 183 549 900 1280 meter bounds,182.88,548.64,5828866862,3592785.42,2103295,3.01936E-07,1.52043E-07,2.50207E+11,0.139225,42,41,38,37
sablefish,Anoplopoma fimbria,20510,2001,Groundfish Slope Survey,L32 34 34.5 40.5 45 49 D55 183 549 900 1280 Sblfsh,Coastwide: (32/34/34.5/40.5/45/49),45To49Degs,45,49,55 183 549 900 1280 meter bounds,548.64,900,4023607871,2212956.26,1201295,1.57983E-07,5.2464E-08,1.59853E+11,0.180671,16,16,15,15
sablefish,Anoplopoma fimbria,20510,2001,Groundfish Slope Survey,L32 34 34.5 40.5 45 49 D55 183 549 900 1280 Sblfsh,Coastwide: (32/34/34.5/40.5/45/49),45To49Degs,45,49,55 183 549 900 1280 meter bounds,900,1280.16,3954626654,2684495.77,1259365,3.75605E-07,9.8236E-08,2.67005E+11,0.192485,22,22,20,20
sablefish,Anoplopoma fimbria,20510,2001,Groundfish Slope Survey,L32 34 34.5 40.5 45 49 D55 183 549 900 1280 Sblfsh,Coastwide: (32/34/34.5/40.5/45/49),40Pt5To45Degs,40.5,45,55 183 549 900 1280 meter bounds,182.88,548.64,6210902689,5073904.57,3446798,4.67924E-07,2.79977E-07,3.05937E+11,0.109012,60,59,58,57
sablefish,Anoplopoma fimbria,20510,2001,Groundfish Slope Survey,L32 34 34.5 40.5 45 49 D55 183 549 900 1280 Sblfsh,Coastwide: (32/34/34.5/40.5/45/49),40Pt5To45Degs,40.5,45,55 183 549 900 1280 meter bounds,548.64,900,5264062343,3427437.31,1827018,3.24284E-07,6.8285E-08,3.45616E+11,0.171525,26,26,24,24
sablefish,Anoplopoma fimbria,20510,2001,Groundfish Slope Survey,L32 34 34.5 40.5 45 49 D55 183 549 900 1280 Sblfsh,Coastwide: (32/34/34.5/40.5/45/49),40Pt5To45Degs,40.5,45,55 183 549 900 1280 meter bounds,900,1280.16,5303944406,2758887.34,1103406,8.88422E-07,1.19319E-07,8.33098E+11,0.330837,30,30,24,24
sablefish,Anoplopoma fimbria,20510,2001,Groundfish Slope Survey,L32 34 34.5 40.5 45 49 D55 183 549 900 1280 Sblfsh,Coastwide: (32/34/34.5/40.5/45/49),34Pt5To40Pt5Degs,34.5,40.5,55 183 549 900 1280 meter bounds,182.88,548.64,6951653513,4546689.59,5458987,5.55534E-07,9.6895E-07,4.47441E+11,0.14712,60,60,56,56
sablefish,Anoplopoma fimbria,20510,2001,Groundfish Slope Survey,L32 34 34.5 40.5 45 49 D55 183 549 900 1280 Sblfsh,Coastwide: (32/34/34.5/40.5/45/49),34Pt5To40Pt5Degs,34.5,40.5,55 183 549 900 1280 meter bounds,548.64,900,7801299712,6866863.61,4007622,1.08427E-06,3.642E-07,1.60949E+12,0.18475,41,41,39,39
sablefish,Anoplopoma fimbria,20510,2001,Groundfish Slope Survey,L32 34 34.5 40.5 45 49 D55 183 549 900 1280 Sblfsh,Coastwide: (32/34/34.5/40.5/45/49),34Pt5To40Pt5Degs,34.5,40.5,55 183 549 900 1280 meter bounds,900,1280.16,8058579586,7800289.55,3613554,4.95416E-07,1.14381E-07,9.7493E+11,0.126583,33,33,32,32
sablefish,Anoplopoma fimbria,20510,2001,Groundfish Slope Survey,L32 34 34.5 40.5 45 49 D55 183 549 900 1280 Sblfsh,Coastwide: (32/34/34.5/40.5/45/49),32To34Pt5Degs,32,34.5,55 183 549 900 1280 meter bounds,182.88,548.64,9955261452,2684532.36,3851256,1.6108E-08,1.9188E-08,5.32153E+11,0.271738,3,3,3,3
sablefish,Anoplopoma fimbria,20510,2001,Groundfish Slope Survey,L32 34 34.5 40.5 45 49 D55 183 549 900 1280 Sblfsh,Coastwide: (32/34/34.5/40.5/45/49),32To34Pt5Degs,32,34.5,55 183 549 900 1280 meter bounds,548.64,900,15683986011,31908911.53,19307940,,,,,1,1,1,1
sablefish,Anoplopoma fimbria,20510,2002,Groundfish Slope Survey,L32 34 34.5 40.5 45 49 D55 183 549 900 1280 Sblfsh,Coastwide: (32/34/34.5/40.5/45/49),45To49Degs,45,49,55 183 549 900 1280 meter bounds,182.88,548.64,5828866862,4302294.3,2446481,4.80213E-07,1.25481E-07,4.18347E+11,0.150338,40,39,37,37
sablefish,Anoplopoma fimbria,20510,2002,Groundfish Slope Survey,L32 34 34.5 40.5 45 49 D55 183 549 900 1280 Sblfsh,Coastwide: (32/34/34.5/40.5/45/49),45To49Degs,45,49,55 183 549 900 1280 meter bounds,548.64,900,4023607871,3764005.74,1924288,8.0844E-07,2.01737E-07,6.54409E+11,0.214919,20,20,19,19
sablefish,Anoplopoma fimbria,20510,2002,Groundfish Slope Survey,L32 34 34.5 40.5 45 49 D55 183 549 900 1280 Sblfsh,Coastwide: (32/34/34.5/40.5/45/49),45To49Degs,45,49,55 183 549 900 1280 meter bounds,900,1280.16,3954626654,2280083.31,965601,2.93835E-07,6.6586E-08,3.28236E+11,0.251271,14,14,12,12
sablefish,Anoplopoma fimbria,20510,2002,Groundfish Slope Survey,L32 34 34.5 40.5 45 49 D55 183 549 900 1280 Sblfsh,Coastwide: (32/34/34.5/40.5/45/49),40Pt5To45Degs,40.5,45,55 183 549 900 1280 meter bounds,182.88,548.64,6210902689,7859832.5,5049272,1.18276E-06,6.10628E-07,7.60424E+11,0.110947,60,60,60,60
sablefish,Anoplopoma fimbria,20510,2002,Groundfish Slope Survey,L32 34 34.5 40.5 45 49 D55 183 549 900 1280 Sblfsh,Coastwide: (32/34/34.5/40.5/45/49),40Pt5To45Degs,40.5,45,55 183 549 900 1280 meter bounds,548.64,900,5264062343,4751905.16,2486857,7.21897E-07,1.82261E-07,5.88354E+11,0.161418,34,34,33,33
sablefish,Anoplopoma fimbria,20510,2002,Groundfish Slope Survey,L32 34 34.5 40.5 45 49 D55 183 549 900 1280 Sblfsh,Coastwide: (32/34/34.5/40.5/45/49),40Pt5To45Degs,40.5,45,55 183 549 900 1280 meter bounds,900,1280.16,5303944406,3175394.45,2082372,2.73618E-07,9.53817E-07,2.13816E+11,0.14562,36,36,33,33
sablefish,Anoplopoma fimbria,20510,2002,Groundfish Slope Survey,L32 34 34.5 40.5 45 49 D55 183 549 900 1280 Sblfsh,Coastwide: (32/34/34.5/40.5/45/49),34To40Pt5Degs,34,40.5,55 183 549 900 1280 meter bounds,54.864,182.88,12648854250,1966528.41,4573322,,,,,1,1,1,1
sablefish,Anoplopoma fimbria,20510,2002,Groundfish Slope Survey,L32 34 34.5 40.5 45 49 D55 183 549 900 1280 Sblfsh,Coastwide: (32/34/34.5/40.5/45/49),34Pt5To40Pt5Degs,34.5,40.5,55 183 549 900 1280 meter bounds,182.88,548.64,6951653513,6573809.07,6065131,1.42007E-06,1.34783E-06,9.27375E+11,0.146491,75,74,72,71
sablefish,Anoplopoma fimbria,20510,2002,Groundfish Slope Survey,L32 34 34.5 40.5 45 49 D55 183 549 900 1280 Sblfsh,Coastwide: (32/34/34.5/40.5/45/49),34Pt5To40Pt5Degs,34.5,40.5,55 183 549 900 1280 meter bounds,548.64,900,7801299712,6884382.74,4493559,8.43366E-07,3.12027E-07,1.22208E+12,0.160578,43,42,40,39
sablefish,Anoplopoma fimbria,20510,2002,Groundfish Slope Survey,L32 34 34.5 40.5 45 49 D55 183 549 900 1280 Sblfsh,Coastwide: (32/34/34.5/40.5/45/49),34Pt5To40Pt5Degs,34.5,40.5,55 183 549 900 1280 meter bounds,900,1280.16,8058579586,6767552.79,2895872,8.02285E-07,1.43777E-07,1.21165E+12,0.162651,43,43,37,37
sablefish,Anoplopoma fimbria,20510,2002,Groundfish Slope Survey,L32 34 34.5 40.5 45 49 D55 183 549 900 1280 Sblfsh,Coastwide: (32/34/34.5/40.5/45/49),32To34Pt5Degs,32,34.5,55 183 549 900 1280 meter bounds,182.88,548.64,9955261452,2522961.28,2619455,2.5975E-07,2.23473E-07,8.58104E+11,0.367163,30,30,18,18
sablefish,Anoplopoma fimbria,20510,2002,Groundfish Slope Survey,L32 34 34.5 40.5 45 49 D55 183 549 900 1280 Sblfsh,Coastwide: (32/34/34.5/40.5/45/49),32To34Pt5Degs,32,34.5,55 183 549 900 1280 meter bounds,548.64,900,15683986011,9661376.4,6103953,4.68872E-07,1.62301E-07,6.40759E+12,0.262004,18,18,12,12
sablefish,Anoplopoma fimbria,20510,2002,Groundfish Slope Survey,L32 34 34.5 40.5 45 49 D55 183 549 900 1280 Sblfsh,Coastwide: (32/34/34.5/40.5/45/49),32To34Pt5Degs,32,34.5,55 183 549 900 1280 meter bounds,900,1280.16,15788732506,4415181.09,2699145,5.8152E-08,2.1841E-08,1.20803E+12,0.248937,12,12,11,11
sablefish,Anoplopoma fimbria,20510,2003,Groundfish Slope and Shelf Combination Survey,L32 34 34.5 40.5 45 49 D55 183 549 900 1280 Sblfsh,Coastwide: (32/34/34.5/40.5/45/49),45To49Degs,45,49,55 183 549 900 1280 meter bounds,54.864,182.88,11787264639,37817760.02,21148039,0.000232836,7.58433E-05,4.43153E+14,0.556648,73,73,57,57
sablefish,Anoplopoma fimbria,20510,2003,Groundfish Slope and Shelf Combination Survey,L32 34 34.5 40.5 45 49 D55 183 549 900 1280 Sblfsh,Coastwide: (32/34/34.5/40.5/45/49),45To49Degs,45,49,55 183 549 900 1280 meter bounds,182.88,548.64,5828866862,12690402.27,5454900,2.60164E-05,2.16309E-06,2.10458E+13,0.361499,42,42,39,39
sablefish,Anoplopoma fimbria,20510,2003,Groundfish Slope and Shelf Combination Survey,L32 34 34.5 40.5 45 49 D55 183 549 900 1280 Sblfsh,Coastwide: (32/34/34.5/40.5/45/49),45To49Degs,45,49,55 183 549 900 1280 meter bounds,548.64,900,4023607871,3276348.32,1775023,1.0455E-06,3.56047E-07,6.045E+11,0.237306,28,28,27,27
sablefish,Anoplopoma fimbria,20510,2003,Groundfish Slope and Shelf Combination Survey,L32 34 34.5 40.5 45 49 D55 183 549 900 1280 Sblfsh,Coastwide: (32/34/34.5/40.5/45/49),45To49Degs,45,49,55 183 549 900 1280 meter bounds,900,1280.16,3954626654,3567326.25,1575754,1.17754E-06,2.20179E-07,6.82059E+11,0.231509,27,27,24,24
sablefish,Anoplopoma fimbria,20510,2003,Groundfish Slope and Shelf Combination Survey,L32 34 34.5 40.5 45 49 D55 183 549 900 1280 Sblfsh,Coastwide: (32/34/34.5/40.5/45/49),40Pt5To45Degs,40.5,45,55 183 549 900 1280 meter bounds,54.864,182.88,11255124725,19608506.39,12630489,4.26956E-05,1.50483E-05,1.00159E+14,0.510388,54,54,32,32
sablefish,Anoplopoma fimbria,20510,2003,Groundfish Slope and Shelf Combination Survey,L32 34 34.5 40.5 45 49 D55 183 549 900 1280 Sblfsh,Coastwide: (32/34/34.5/40.5/45/49),40Pt5To45Degs,40.5,45,55 183 549 900 1280 meter bounds,182.88,548.64,6210902689,10466033.06,6211427,4.08916E-06,1.77894E-06,3.15481E+12,0.169709,50,50,48,48
sablefish,Anoplopoma fimbria,20510,2003,Groundfish Slope and Shelf Combination Survey,L32 34 34.5 40.5 45 49 D55 183 549 900 1280 Sblfsh,Coastwide: (32/34/34.5/40.5/45/49),40Pt5To45Degs,40.5,45,55 183 549 900 1280 meter bounds,548.64,900,5264062343,9603343.71,5195203,3.16264E-05,8.15901E-06,2.36859E+13,0.506784,37,37,37,37
sablefish,Anoplopoma fimbria,20510,2003,Groundfish Slope and Shelf Combination Survey,L32 34 34.5 40.5 45 49 D55 183 549 900 1280 Sblfsh,Coastwide: (32/34/34.5/40.5/45/49),40Pt5To45Degs,40.5,45,55 183 549 900 1280 meter bounds,900,1280.16,5303944406,4616530.95,2074172,4.4122E-07,8.8269E-08,5.91063E+11,0.166533,21,21,21,21
sablefish,Anoplopoma fimbria,20510,2003,Groundfish Slope and Shelf Combination Survey,L32 34 34.5 40.5 45 49 D55 183 549 900 1280 Sblfsh,Coastwide: (32/34/34.5/40.5/45/49),34To40Pt5Degs,34,40.5,55 183 549 900 1280 meter bounds,54.864,182.88,12648854250,1658454.04,3447118,1.06929E-07,4.68413E-07,2.63199E+11,0.309342,65,65,28,28
sablefish,Anoplopoma fimbria,20510,2003,Groundfish Slope and Shelf Combination Survey,L32 34 34.5 40.5 45 49 D55 183 549 900 1280 Sblfsh,Coastwide: (32/34/34.5/40.5/45/49),34Pt5To40Pt5Degs,34.5,40.5,55 183 549 900 1280 meter bounds,182.88,548.64,6951653513,5418514.33,4981679,7.43969E-07,5.04521E-07,7.19053E+11,0.156495,50,50,49,49
sablefish,Anoplopoma fimbria,20510,2003,Groundfish Slope and Shelf Combination Survey,L32 34 34.5 40.5 45 49 D55 183 549 900 1280 Sblfsh,Coastwide: (32/34/34.5/40.5/45/49),34Pt5To40Pt5Degs,34.5,40.5,55 183 549 900 1280 meter bounds,548.64,900,7801299712,16778588.77,9645604,1.24515E-05,3.40562E-06,5.05201E+13,0.42362,15,15,15,15
sablefish,Anoplopoma fimbria,20510,2003,Groundfish Slope and Shelf Combination Survey,L32 34 34.5 40.5 45 49 D55 183 549 900 1280 Sblfsh,Coastwide: (32/34/34.5/40.5/45/49),34Pt5To40Pt5Degs,34.5,40.5,55 183 549 900 1280 meter bounds,900,1280.16,8058579586,7824838.71,3359177,1.28076E-06,2.84879E-07,4.89257E+12,0.282679,17,17,17,17
sablefish,Anoplopoma fimbria,20510,2003,Groundfish Slope and Shelf Combination Survey,L32 34 34.5 40.5 45 49 D55 183 549 900 1280 Sblfsh,Coastwide: (32/34/34.5/40.5/45/49),32To34Pt5Degs,32,34.5,55 183 549 900 1280 meter bounds,182.88,548.64,9955261452,1856070.84,2240449,1.59262E-07,2.34433E-07,4.93252E+11,0.37839,32,32,16,16
sablefish,Anoplopoma fimbria,20510,2003,Groundfish Slope and Shelf Combination Survey,L32 34 34.5 40.5 45 49 D55 183 549 900 1280 Sblfsh,Coastwide: (32/34/34.5/40.5/45/49),32To34Pt5Degs,32,34.5,55 183 549 900 1280 meter bounds,548.64,900,15683986011,3544784.39,2719654,1.29391E-07,8.2617E-08,2.65237E+12,0.459438,12,12,5,5
sablefish,Anoplopoma fimbria,20510,2003,Groundfish Slope and Shelf Combination Survey,L32 34 34.5 40.5 45 49 D55 183 549 900 1280 Sblfsh,Coastwide: (32/34/34.5/40.5/45/49),32To34Pt5Degs,32,34.5,55 183 549 900 1280 meter bounds,900,1280.16,15788732506,6003417.54,3053513,4.33705E-07,1.26524E-07,1.35145E+13,0.612352,8,8,6,6
sablefish,Anoplopoma fimbria,20510,2003,Groundfish Slope and Shelf Combination Survey,L32 34 34.5 40.5 45 49 D55 183 549 900 1280 Sblfsh,Coastwide: (32/34/34.5/40.5/45/49),32To34Degs,32,34,55 183 549 900 1280 meter bounds,54.864,182.88,3851340919,,,,,,,10,10,0,0
sablefish,Anoplopoma fimbria,20510,2004,Groundfish Slope and Shelf Combination Survey,L32 34 34.5 40.5 45 49 D55 183 549 900 1280 Sblfsh,Coastwide: (32/34/34.5/40.5/45/49),45To49Degs,45,49,55 183 549 900 1280 meter bounds,54.864,182.88,11787264639,8689354.65,5521484,4.34807E-06,1.70078E-06,8.63027E+12,0.338084,70,70,47,47
sablefish,Anoplopoma fimbria,20510,2004,Groundfish Slope and Shelf Combination Survey,L32 34 34.5 40.5 45 49 D55 183 549 900 1280 Sblfsh,Coastwide: (32/34/34.5/40.5/45/49),45To49Degs,45,49,55 183 549 900 1280 meter bounds,182.88,548.64,5828866862,7172882,3062810,1.85812E-06,3.5031E-07,1.91306E+12,0.192828,33,33,29,29
sablefish,Anoplopoma fimbria,20510,2004,Groundfish Slope and Shelf Combination Survey,L32 34 34.5 40.5 45 49 D55 183 549 900 1280 Sblfsh,Coastwide: (32/34/34.5/40.5/45/49),45To49Degs,45,49,55 183 549 900 1280 meter bounds,548.64,900,4023607871,7287438.33,3337637,4.6209E-06,6.75183E-07,7.48096E+12,0.375322,10,10,10,10
sablefish,Anoplopoma fimbria,20510,2004,Groundfish Slope and Shelf Combination Survey,L32 34 34.5 40.5 45 49 D55 183 549 900 1280 Sblfsh,Coastwide: (32/34/34.5/40.5/45/49),45To49Degs,45,49,55 183 549 900 1280 meter bounds,900,1280.16,3954626654,4273275.72,2017501,9.00348E-07,1.71958E-07,1.76008E+12,0.310459,8,8,8,8
sablefish,Anoplopoma fimbria,20510,2004,Groundfish Slope and Shelf Combination Survey,L32 34 34.5 40.5 45 49 D55 183 549 900 1280 Sblfsh,Coastwide: (32/34/34.5/40.5/45/49),40Pt5To45Degs,40.5,45,55 183 549 900 1280 meter bounds,54.864,182.88,11255124725,4224584.84,5043815,4.84699E-07,5.44442E-07,1.0772E+12,0.245677,57,57,38,38
sablefish,Anoplopoma fimbria,20510,2004,Groundfish Slope and Shelf Combination Survey,L32 34 34.5 40.5 45 49 D55 183 549 900 1280 Sblfsh,Coastwide: (32/34/34.5/40.5/45/49),40Pt5To45Degs,40.5,45,55 183 549 900 1280 meter bounds,182.88,548.64,6210902689,21943162.8,12507166,6.38264E-05,2.81432E-05,6.83923E+13,0.376881,36,36,35,35
sablefish,Anoplopoma fimbria,20510,2004,Groundfish Slope and Shelf Combination Survey,L32 34 34.5 40.5 45 49 D55 183 549 900 1280 Sblfsh,Coastwide: (32/34/34.5/40.5/45/49),40Pt5To45Degs,40.5,45,55 183 549 900 1280 meter bounds,548.64,900,5264062343,5831915.64,3278914,1.19926E-06,3.64091E-07,1.27815E+12,0.193856,26,26,26,26
sablefish,Anoplopoma fimbria,20510,2004,Groundfish Slope and Shelf Combination Survey,L32 34 34.5 40.5 45 49 D55 183 549 900 1280 Sblfsh,Coastwide: (32/34/34.5/40.5/45/49),40Pt5To45Degs,40.5,45,55 183 549 900 1280 meter bounds,900,1280.16,5303944406,5834624.18,2244974,5.15216E-07,7.6527E-08,1.31763E+12,0.196736,11,11,11,11
sablefish,Anoplopoma fimbria,20510,2004,Groundfish Slope and Shelf Combination Survey,L32 34 34.5 40.5 45 49 D55 183 549 900 1280 Sblfsh,Coastwide: (32/34/34.5/40.5/45/49),34To40Pt5Degs,34,40.5,55 183 549 900 1280 meter bounds,54.864,182.88,12648854250,3468425.35,3612996,2.91717E-06,2.47889E-06,6.22305E+12,0.719233,75,75,33,33
sablefish,Anoplopoma fimbria,20510,2004,Groundfish Slope and Shelf Combination Survey,L32 34 34.5 40.5 45 49 D55 183 549 900 1280 Sblfsh,Coastwide: (32/34/34.5/40.5/45/49),34Pt5To40Pt5Degs,34.5,40.5,55 183 549 900 1280 meter bounds,182.88,548.64,6951653513,30119077.69,24727181,0.000329131,0.000243224,5.30181E+14,0.764487,30,30,23,23
sablefish,Anoplopoma fimbria,20510,2004,Groundfish Slope and Shelf Combination Survey,L32 34 34.5 40.5 45 49 D55 183 549 900 1280 Sblfsh,Coastwide: (32/34/34.5/40.5/45/49),34Pt5To40Pt5Degs,34.5,40.5,55 183 549 900 1280 meter bounds,548.64,900,7801299712,7726754.35,5429649,5.69636E-07,2.90794E-07,1.15561E+12,0.139126,30,30,30,30
sablefish,Anoplopoma fimbria,20510,2004,Groundfish Slope and Shelf Combination Survey,L32 34 34.5 40.5 45 49 D55 183 549 900 1280 Sblfsh,Coastwide: (32/34/34.5/40.5/45/49),34Pt5To40Pt5Degs,34.5,40.5,55 183 549 900 1280 meter bounds,900,1280.16,8058579586,7312175.2,3977989,2.23709E-07,8.0196E-08,1.32071E+12,0.157166,11,11,11,11
sablefish,Anoplopoma fimbria,20510,2004,Groundfish Slope and Shelf Combination Survey,L32 34 34.5 40.5 45 49 D55 183 549 900 1280 Sblfsh,Coastwide: (32/34/34.5/40.5/45/49),32To34Pt5Degs,32,34.5,55 183 549 900 1280 meter bounds,182.88,548.64,9955261452,956735.15,1220199,3.0721E-08,3.9977E-08,98214456072,0.327564,31,31,12,12
sablefish,Anoplopoma fimbria,20510,2004,Groundfish Slope and Shelf Combination Survey,L32 34 34.5 40.5 45 49 D55 183 549 900 1280 Sblfsh,Coastwide: (32/34/34.5/40.5/45/49),32To34Pt5Degs,32,34.5,55 183 549 900 1280 meter bounds,548.64,900,15683986011,10553061.93,7568102,1.68546E-06,1.00231E-06,2.59126E+13,0.482367,16,16,8,8
sablefish,Anoplopoma fimbria,20510,2004,Groundfish Slope and Shelf Combination Survey,L32 34 34.5 40.5 45 49 D55 183 549 900 1280 Sblfsh,Coastwide: (32/34/34.5/40.5/45/49),32To34Pt5Degs,32,34.5,55 183 549 900 1280 meter bounds,900,1280.16,15788732506,9387470.83,5301541,7.18568E-07,2.39107E-07,1.49273E+13,0.411568,12,12,11,11
sablefish,Anoplopoma fimbria,20510,2004,Groundfish Slope and Shelf Combination Survey,L32 34 34.5 40.5 45 49 D55 183 549 900 1280 Sblfsh,Coastwide: (32/34/34.5/40.5/45/49),32To34Degs,32,34,55 183 549 900 1280 meter bounds,54.864,182.88,3851340919,,,,,,,14,14,0,0
sablefish,Anoplopoma fimbria,20510,2005,Groundfish Slope and Shelf Combination Survey,L32 34 34.5 40.5 45 49 D55 183 549 900 1280 Sblfsh,Coastwide: (32/34/34.5/40.5/45/49),45To49Degs,45,49,55 183 549 900 1280 meter bounds,54.864,182.88,11787264639,2543380.19,2641197,1.28958E-07,1.43321E-07,2.35756E+11,0.190906,76,76,49,49
sablefish,Anoplopoma fimbria,20510,2005,Groundfish Slope and Shelf Combination Survey,L32 34 34.5 40.5 45 49 D55 183 549 900 1280 Sblfsh,Coastwide: (32/34/34.5/40.5/45/49),45To49Degs,45,49,55 183 549 900 1280 meter bounds,182.88,548.64,5828866862,9535484.94,4500073,4.50963E-06,7.84509E-07,4.03205E+12,0.210581,38,38,38,38
sablefish,Anoplopoma fimbria,20510,2005,Groundfish Slope and Shelf Combination Survey,L32 34 34.5 40.5 45 49 D55 183 549 900 1280 Sblfsh,Coastwide: (32/34/34.5/40.5/45/49),45To49Degs,45,49,55 183 549 900 1280 meter bounds,548.64,900,4023607871,6577652.06,3516339,5.13087E-06,1.46569E-06,3.32264E+12,0.277122,25,25,25,25
sablefish,Anoplopoma fimbria,20510,2005,Groundfish Slope and Shelf Combination Survey,L32 34 34.5 40.5 45 49 D55 183 549 900 1280 Sblfsh,Coastwide: (32/34/34.5/40.5/45/49),45To49Degs,45,49,55 183 549 900 1280 meter bounds,900,1280.16,3954626654,4084065.81,1908424,6.51862E-07,1.84381E-07,7.84193E+11,0.21683,13,13,12,12
sablefish,Anoplopoma fimbria,20510,2005,Groundfish Slope and Shelf Combination Survey,L32 34 34.5 40.5 45 49 D55 183 549 900 1280 Sblfsh,Coastwide: (32/34/34.5/40.5/45/49),40Pt5To45Degs,40.5,45,55 183 549 900 1280 meter bounds,54.864,182.88,11255124725,3100633.83,3223872,4.48303E-07,2.37287E-07,5.62278E+11,0.241838,101,101,63,63
sablefish,Anoplopoma fimbria,20510,2005,Groundfish Slope and Shelf Combination Survey,L32 34 34.5 40.5 45 49 D55 183 549 900 1280 Sblfsh,Coastwide: (32/34/34.5/40.5/45/49),40Pt5To45Degs,40.5,45,55 183 549 900 1280 meter bounds,182.88,548.64,6210902689,10359278.78,4845723,4.2945E-06,6.5507E-07,3.45129E+12,0.179333,48,48,45,45
sablefish,Anoplopoma fimbria,20510,2005,Groundfish Slope and Shelf Combination Survey,L32 34 34.5 40.5 45 49 D55 183 549 900 1280 Sblfsh,Coastwide: (32/34/34.5/40.5/45/49),40Pt5To45Degs,40.5,45,55 183 549 900 1280 meter bounds,548.64,900,5264062343,6988592.53,4056677,1.32436E-06,4.40515E-07,1.14683E+12,0.153236,32,32,31,31
sablefish,Anoplopoma fimbria,20510,2005,Groundfish Slope and Shelf Combination Survey,L32 34 34.5 40.5 45 49 D55 183 549 900 1280 Sblfsh,Coastwide: (32/34/34.5/40.5/45/49),40Pt5To45Degs,40.5,45,55 183 549 900 1280 meter bounds,900,1280.16,5303944406,7345815.41,3474506,1.46298E-06,3.63397E-07,2.42096E+12,0.211814,17,17,17,17
sablefish,Anoplopoma fimbria,20510,2005,Groundfish Slope and Shelf Combination Survey,L32 34 34.5 40.5 45 49 D55 183 549 900 1280 Sblfsh,Coastwide: (32/34/34.5/40.5/45/49),34To40Pt5Degs,34,40.5,55 183 549 900 1280 meter bounds,54.864,182.88,12648854250,2531574.65,2570067,5.96884E-07,5.23403E-07,1.04942E+12,0.404655,91,91,26,26
sablefish,Anoplopoma fimbria,20510,2005,Groundfish Slope and Shelf Combination Survey,L32 34 34.5 40.5 45 49 D55 183 549 900 1280 Sblfsh,Coastwide: (32/34/34.5/40.5/45/49),34Pt5To40Pt5Degs,34.5,40.5,55 183 549 900 1280 meter bounds,182.88,548.64,6951653513,7594942.18,5902222,1.3518E-06,7.75334E-07,1.25627E+12,0.147577,52,52,48,48
sablefish,Anoplopoma fimbria,20510,2005,Groundfish Slope and Shelf Combination Survey,L32 34 34.5 40.5 45 49 D55 183 549 900 1280 Sblfsh,Coastwide: (32/34/34.5/40.5/45/49),34Pt5To40Pt5Degs,34.5,40.5,55 183 549 900 1280 meter bounds,548.64,900,7801299712,13129831.14,9601073,3.68957E-06,2.03579E-06,8.3166E+12,0.219641,27,27,27,27
sablefish,Anoplopoma fimbria,20510,2005,Groundfish Slope and Shelf Combination Survey,L32 34 34.5 40.5 45 49 D55 183 549 900 1280 Sblfsh,Coastwide: (32/34/34.5/40.5/45/49),34Pt5To40Pt5Degs,34.5,40.5,55 183 549 900 1280 meter bounds,900,1280.16,8058579586,7509314.72,3756908,5.12035E-07,1.28413E-07,2.21679E+12,0.198272,15,15,15,15
sablefish,Anoplopoma fimbria,20510,2005,Groundfish Slope and Shelf Combination Survey,L32 34 34.5 40.5 45 49 D55 183 549 900 1280 Sblfsh,Coastwide: (32/34/34.5/40.5/45/49),32To34Pt5Degs,32,34.5,55 183 549 900 1280 meter bounds,182.88,548.64,9955261452,4069895.5,5009808,1.71435E-06,3.8493E-06,3.86147E+12,0.482829,44,44,24,24
sablefish,Anoplopoma fimbria,20510,2005,Groundfish Slope and Shelf Combination Survey,L32 34 34.5 40.5 45 49 D55 183 549 900 1280 Sblfsh,Coastwide: (32/34/34.5/40.5/45/49),32To34Pt5Degs,32,34.5,55 183 549 900 1280 meter bounds,548.64,900,15683986011,3945837.47,2477738,1.37496E-07,5.8346E-08,1.30086E+12,0.289052,26,26,11,11
sablefish,Anoplopoma fimbria,20510,2005,Groundfish Slope and Shelf Combination Survey,L32 34 34.5 40.5 45 49 D55 183 549 900 1280 Sblfsh,Coastwide: (32/34/34.5/40.5/45/49),32To34Pt5Degs,32,34.5,55 183 549 900 1280 meter bounds,900,1280.16,15788732506,7043922.83,3747206,6.6514E-08,3.2755E-08,1.03631E+12,0.144521,16,16,16,16
sablefish,Anoplopoma fimbria,20510,2005,Groundfish Slope and Shelf Combination Survey,L32 34 34.5 40.5 45 49 D55 183 549 900 1280 Sblfsh,Coastwide: (32/34/34.5/40.5/45/49),32To34Degs,32,34,55 183 549 900 1280 meter bounds,54.864,182.88,3851340919,,,,,,,16,16,0,0
sablefish,Anoplopoma fimbria,20510,2006,Groundfish Slope and Shelf Combination Survey,L32 34 34.5 40.5 45 49 D55 183 549 900 1280 Sblfsh,Coastwide: (32/34/34.5/40.5/45/49),45To49Degs,45,49,55 183 549 900 1280 meter bounds,54.864,182.88,11787264639,1724028.47,1485729,1.06771E-07,7.4415E-08,1.78732E+11,0.24522,83,83,38,38
sablefish,Anoplopoma fimbria,20510,2006,Groundfish Slope and Shelf Combination Survey,L32 34 34.5 40.5 45 49 D55 183 549 900 1280 Sblfsh,Coastwide: (32/34/34.5/40.5/45/49),45To49Degs,45,49,55 183 549 900 1280 meter bounds,182.88,548.64,5828866862,7127025.27,3315764,3.91062E-06,5.43613E-07,4.42887E+12,0.295283,30,30,27,27
sablefish,Anoplopoma fimbria,20510,2006,Groundfish Slope and Shelf Combination Survey,L32 34 34.5 40.5 45 49 D55 183 549 900 1280 Sblfsh,Coastwide: (32/34/34.5/40.5/45/49),45To49Degs,45,49,55 183 549 900 1280 meter bounds,548.64,900,4023607871,4885418.76,2882673,6.05137E-07,1.90443E-07,5.76284E+11,0.155388,17,17,17,17
sablefish,Anoplopoma fimbria,20510,2006,Groundfish Slope and Shelf Combination Survey,L32 34 34.5 40.5 45 49 D55 183 549 900 1280 Sblfsh,Coastwide: (32/34/34.5/40.5/45/49),45To49Degs,45,49,55 183 549 900 1280 meter bounds,900,1280.16,3954626654,5354958.95,2290237,1.72775E-06,3.3788E-07,1.35102E+12,0.217057,20,20,19,19
sablefish,Anoplopoma fimbria,20510,2006,Groundfish Slope and Shelf Combination Survey,L32 34 34.5 40.5 45 49 D55 183 549 900 1280 Sblfsh,Coastwide: (32/34/34.5/40.5/45/49),40Pt5To45Degs,40.5,45,55 183 549 900 1280 meter bounds,54.864,182.88,11255124725,1987806.16,904588,2.23454E-07,3.5321E-08,3.72455E+11,0.307017,76,76,25,25
sablefish,Anoplopoma fimbria,20510,2006,Groundfish Slope and Shelf Combination Survey,L32 34 34.5 40.5 45 49 D55 183 549 900 1280 Sblfsh,Coastwide: (32/34/34.5/40.5/45/49),40Pt5To45Degs,40.5,45,55 183 549 900 1280 meter bounds,182.88,548.64,6210902689,20949880,9484216,0.000152396,3.7292E-05,9.79785E+13,0.47248,60,60,58,58
sablefish,Anoplopoma fimbria,20510,2006,Groundfish Slope and Shelf Combination Survey,L32 34 34.5 40.5 45 49 D55 183 549 900 1280 Sblfsh,Coastwide: (32/34/34.5/40.5/45/49),40Pt5To45Degs,40.5,45,55 183 549 900 1280 meter bounds,548.64,900,5264062343,7365284.15,4320086,7.2342E-07,2.46328E-07,8.01849E+11,0.121579,25,25,25,25
sablefish,Anoplopoma fimbria,20510,2006,Groundfish Slope and Shelf Combination Survey,L32 34 34.5 40.5 45 49 D55 183 549 900 1280 Sblfsh,Coastwide: (32/34/34.5/40.5/45/49),40Pt5To45Degs,40.5,45,55 183 549 900 1280 meter bounds,900,1280.16,5303944406,7261013.98,3083043,7.41329E-07,1.08003E-07,9.47951E+11,0.13409,22,22,22,22
sablefish,Anoplopoma fimbria,20510,2006,Groundfish Slope and Shelf Combination Survey,L32 34 34.5 40.5 45 49 D55 183 549 900 1280 Sblfsh,Coastwide: (32/34/34.5/40.5/45/49),34To40Pt5Degs,34,40.5,55 183 549 900 1280 meter bounds,54.864,182.88,12648854250,687004.71,596950,5.0056E-08,3.423E-08,98871688187,0.457695,81,81,12,12
sablefish,Anoplopoma fimbria,20510,2006,Groundfish Slope and Shelf Combination Survey,L32 34 34.5 40.5 45 49 D55 183 549 900 1280 Sblfsh,Coastwide: (32/34/34.5/40.5/45/49),34Pt5To40Pt5Degs,34.5,40.5,55 183 549 900 1280 meter bounds,182.88,548.64,6951653513,9016594.81,5111826,1.30815E-06,4.23063E-07,1.29014E+12,0.125973,49,49,48,48
sablefish,Anoplopoma fimbria,20510,2006,Groundfish Slope and Shelf Combination Survey,L32 34 34.5 40.5 45 49 D55 183 549 900 1280 Sblfsh,Coastwide: (32/34/34.5/40.5/45/49),34Pt5To40Pt5Degs,34.5,40.5,55 183 549 900 1280 meter bounds,548.64,900,7801299712,10377633.16,6750527,6.23524E-07,2.62676E-07,1.40547E+12,0.114239,27,27,27,27
sablefish,Anoplopoma fimbria,20510,2006,Groundfish Slope and Shelf Combination Survey,L32 34 34.5 40.5 45 49 D55 183 549 900 1280 Sblfsh,Coastwide: (32/34/34.5/40.5/45/49),34Pt5To40Pt5Degs,34.5,40.5,55 183 549 900 1280 meter bounds,900,1280.16,8058579586,10130369.72,4666301,4.59943E-06,6.77832E-07,8.534E+12,0.288371,35,35,33,33
sablefish,Anoplopoma fimbria,20510,2006,Groundfish Slope and Shelf Combination Survey,L32 34 34.5 40.5 45 49 D55 183 549 900 1280 Sblfsh,Coastwide: (32/34/34.5/40.5/45/49),32To34Pt5Degs,32,34.5,55 183 549 900 1280 meter bounds,182.88,548.64,9955261452,2182324.14,1695425,3.98695E-07,2.08989E-07,7.31732E+11,0.391974,54,54,18,18
sablefish,Anoplopoma fimbria,20510,2006,Groundfish Slope and Shelf Combination Survey,L32 34 34.5 40.5 45 49 D55 183 549 900 1280 Sblfsh,Coastwide: (32/34/34.5/40.5/45/49),32To34Pt5Degs,32,34.5,55 183 549 900 1280 meter bounds,548.64,900,15683986011,6572135.56,4616244,7.21942E-07,3.55843E-07,8.07221E+12,0.432304,22,22,12,12
sablefish,Anoplopoma fimbria,20510,2006,Groundfish Slope and Shelf Combination Survey,L32 34 34.5 40.5 45 49 D55 183 549 900 1280 Sblfsh,Coastwide: (32/34/34.5/40.5/45/49),32To34Pt5Degs,32,34.5,55 183 549 900 1280 meter bounds,900,1280.16,15788732506,7776133.31,4144349,1.60822E-07,5.9826E-08,2.11002E+12,0.186801,19,19,18,18
sablefish,Anoplopoma fimbria,20510,2006,Groundfish Slope and Shelf Combination Survey,L32 34 34.5 40.5 45 49 D55 183 549 900 1280 Sblfsh,Coastwide: (32/34/34.5/40.5/45/49),32To34Degs,32,34,55 183 549 900 1280 meter bounds,54.864,182.88,3851340919,,,,,,,21,21,0,0
sablefish,Anoplopoma fimbria,20510,2007,Groundfish Slope and Shelf Combination Survey,L32 34 34.5 40.5 45 49 D55 183 549 900 1280 Sblfsh,Coastwide: (32/34/34.5/40.5/45/49),45To49Degs,45,49,55 183 549 900 1280 meter bounds,54.864,182.88,11787264639,1670502.22,1062445,6.572E-08,1.6815E-08,93174346454,0.182726,98,98,50,50
sablefish,Anoplopoma fimbria,20510,2007,Groundfish Slope and Shelf Combination Survey,L32 34 34.5 40.5 45 49 D55 183 549 900 1280 Sblfsh,Coastwide: (32/34/34.5/40.5/45/49),45To49Degs,45,49,55 183 549 900 1280 meter bounds,182.88,548.64,5828866862,7186442.63,3515241,2.64824E-06,7.0733E-07,1.87449E+12,0.190514,48,48,42,42
sablefish,Anoplopoma fimbria,20510,2007,Groundfish Slope and Shelf Combination Survey,L32 34 34.5 40.5 45 49 D55 183 549 900 1280 Sblfsh,Coastwide: (32/34/34.5/40.5/45/49),45To49Degs,45,49,55 183 549 900 1280 meter bounds,548.64,900,4023607871,4677180,2401221,5.4451E-07,1.49902E-07,4.63963E+11,0.145632,19,19,19,19
sablefish,Anoplopoma fimbria,20510,2007,Groundfish Slope and Shelf Combination Survey,L32 34 34.5 40.5 45 49 D55 183 549 900 1280 Sblfsh,Coastwide: (32/34/34.5/40.5/45/49),45To49Degs,45,49,55 183 549 900 1280 meter bounds,900,1280.16,3954626654,4739127.1,2082954,8.7056E-07,1.68085E-07,6.80738E+11,0.174097,20,20,20,20
sablefish,Anoplopoma fimbria,20510,2007,Groundfish Slope and Shelf Combination Survey,L32 34 34.5 40.5 45 49 D55 183 549 900 1280 Sblfsh,Coastwide: (32/34/34.5/40.5/45/49),40Pt5To45Degs,40.5,45,55 183 549 900 1280 meter bounds,54.864,182.88,11255124725,1950151.3,910705,1.30634E-07,2.3281E-08,2.12159E+11,0.23619,78,78,30,30
sablefish,Anoplopoma fimbria,20510,2007,Groundfish Slope and Shelf Combination Survey,L32 34 34.5 40.5 45 49 D55 183 549 900 1280 Sblfsh,Coastwide: (32/34/34.5/40.5/45/49),40Pt5To45Degs,40.5,45,55 183 549 900 1280 meter bounds,182.88,548.64,6210902689,9997961.43,3991589,6.24688E-06,9.26159E-07,3.49239E+12,0.186918,69,69,64,64
sablefish,Anoplopoma fimbria,20510,2007,Groundfish Slope and Shelf Combination Survey,L32 34 34.5 40.5 45 49 D55 183 549 900 1280 Sblfsh,Coastwide: (32/34/34.5/40.5/45/49),40Pt5To45Degs,40.5,45,55 183 549 900 1280 meter bounds,548.64,900,5264062343,6750245.47,3780373,1.8219E-06,7.35818E-07,2.01942E+12,0.21052,25,25,25,25
sablefish,Anoplopoma fimbria,20510,2007,Groundfish Slope and Shelf Combination Survey,L32 34 34.5 40.5 45 49 D55 183 549 900 1280 Sblfsh,Coastwide: (32/34/34.5/40.5/45/49),40Pt5To45Degs,40.5,45,55 183 549 900 1280 meter bounds,900,1280.16,5303944406,6051989.39,2699158,8.67526E-07,1.89346E-07,9.38657E+11,0.160087,26,26,25,25
sablefish,Anoplopoma fimbria,20510,2007,Groundfish Slope and Shelf Combination Survey,L32 34 34.5 40.5 45 49 D55 183 549 900 1280 Sblfsh,Coastwide: (32/34/34.5/40.5/45/49),34To40Pt5Degs,34,40.5,55 183 549 900 1280 meter bounds,54.864,182.88,12648854250,685202.21,415051,8.712E-08,2.3205E-08,1.76438E+11,0.613025,79,79,8,8
sablefish,Anoplopoma fimbria,20510,2007,Groundfish Slope and Shelf Combination Survey,L32 34 34.5 40.5 45 49 D55 183 549 900 1280 Sblfsh,Coastwide: (32/34/34.5/40.5/45/49),34Pt5To40Pt5Degs,34.5,40.5,55 183 549 900 1280 meter bounds,182.88,548.64,6951653513,7020956.69,4255859,8.35994E-07,3.09453E-07,8.07997E+11,0.128029,50,50,43,43
sablefish,Anoplopoma fimbria,20510,2007,Groundfish Slope and Shelf Combination Survey,L32 34 34.5 40.5 45 49 D55 183 549 900 1280 Sblfsh,Coastwide: (32/34/34.5/40.5/45/49),34Pt5To40Pt5Degs,34.5,40.5,55 183 549 900 1280 meter bounds,548.64,900,7801299712,10674975.48,6597766,6.6548E-07,2.42895E-07,1.35004E+12,0.108845,30,30,30,30
sablefish,Anoplopoma fimbria,20510,2007,Groundfish Slope and Shelf Combination Survey,L32 34 34.5 40.5 45 49 D55 183 549 900 1280 Sblfsh,Coastwide: (32/34/34.5/40.5/45/49),34Pt5To40Pt5Degs,34.5,40.5,55 183 549 900 1280 meter bounds,900,1280.16,8058579586,11083661.52,5666553,1.70995E-06,5.25275E-07,3.17273E+12,0.160706,35,35,33,33
sablefish,Anoplopoma fimbria,20510,2007,Groundfish Slope and Shelf Combination Survey,L32 34 34.5 40.5 45 49 D55 183 549 900 1280 Sblfsh,Coastwide: (32/34/34.5/40.5/45/49),32To34Pt5Degs,32,34.5,55 183 549 900 1280 meter bounds,182.88,548.64,9955261452,924103.44,584090,1.29455E-07,5.3505E-08,2.42075E+11,0.53242,53,53,13,13
sablefish,Anoplopoma fimbria,20510,2007,Groundfish Slope and Shelf Combination Survey,L32 34 34.5 40.5 45 49 D55 183 549 900 1280 Sblfsh,Coastwide: (32/34/34.5/40.5/45/49),32To34Pt5Degs,32,34.5,55 183 549 900 1280 meter bounds,548.64,900,15683986011,7883658.61,5219232,5.68776E-07,2.74361E-07,1.39912E+13,0.47446,10,10,7,7
sablefish,Anoplopoma fimbria,20510,2007,Groundfish Slope and Shelf Combination Survey,L32 34 34.5 40.5 45 49 D55 183 549 900 1280 Sblfsh,Coastwide: (32/34/34.5/40.5/45/49),32To34Pt5Degs,32,34.5,55 183 549 900 1280 meter bounds,900,1280.16,15788732506,14008924.86,6989362,2.13989E-06,5.71789E-07,2.22267E+13,0.336537,24,24,21,21
sablefish,Anoplopoma fimbria,20510,2007,Groundfish Slope and Shelf Combination Survey,L32 34 34.5 40.5 45 49 D55 183 549 900 1280 Sblfsh,Coastwide: (32/34/34.5/40.5/45/49),32To34Degs,32,34,55 183 549 900 1280 meter bounds,54.864,182.88,3851340919,,,,,,,24,24,0,0
sablefish,Anoplopoma fimbria,20510,2008,Groundfish Slope and Shelf Combination Survey,L32 34 34.5 40.5 45 49 D55 183 549 900 1280 Sblfsh,Coastwide: (32/34/34.5/40.5/45/49),45To49Degs,45,49,55 183 549 900 1280 meter bounds,54.864,182.88,11787264639,987083.64,1282785,5.1841E-08,1.91177E-07,96037831214,0.313955,75,75,28,28
sablefish,Anoplopoma fimbria,20510,2008,Groundfish Slope and Shelf Combination Survey,L32 34 34.5 40.5 45 49 D55 183 549 900 1280 Sblfsh,Coastwide: (32/34/34.5/40.5/45/49),45To49Degs,45,49,55 183 549 900 1280 meter bounds,182.88,548.64,5828866862,4440147.09,2636764,8.50696E-07,1.03382E-06,5.45339E+11,0.166317,53,53,43,43
sablefish,Anoplopoma fimbria,20510,2008,Groundfish Slope and Shelf Combination Survey,L32 34 34.5 40.5 45 49 D55 183 549 900 1280 Sblfsh,Coastwide: (32/34/34.5/40.5/45/49),45To49Degs,45,49,55 183 549 900 1280 meter bounds,548.64,900,4023607871,4072583.85,2218986,1.37604E-06,4.44824E-07,1.48515E+12,0.299237,15,15,14,14
sablefish,Anoplopoma fimbria,20510,2008,Groundfish Slope and Shelf Combination Survey,L32 34 34.5 40.5 45 49 D55 183 549 900 1280 Sblfsh,Coastwide: (32/34/34.5/40.5/45/49),45To49Degs,45,49,55 183 549 900 1280 meter bounds,900,1280.16,3954626654,6655045.14,3140560,3.83327E-06,9.71434E-07,3.5264E+12,0.282172,17,17,17,17
sablefish,Anoplopoma fimbria,20510,2008,Groundfish Slope and Shelf Combination Survey,L32 34 34.5 40.5 45 49 D55 183 549 900 1280 Sblfsh,Coastwide: (32/34/34.5/40.5/45/49),40Pt5To45Degs,40.5,45,55 183 549 900 1280 meter bounds,54.864,182.88,11255124725,520483.15,1134695,1.0355E-08,3.3342E-08,17259617116,0.252411,76,76,35,35
sablefish,Anoplopoma fimbria,20510,2008,Groundfish Slope and Shelf Combination Survey,L32 34 34.5 40.5 45 49 D55 183 549 900 1280 Sblfsh,Coastwide: (32/34/34.5/40.5/45/49),40Pt5To45Degs,40.5,45,55 183 549 900 1280 meter bounds,182.88,548.64,6210902689,8194538.1,3452400,2.26402E-06,5.4762E-07,1.55956E+12,0.152397,56,56,54,54
sablefish,Anoplopoma fimbria,20510,2008,Groundfish Slope and Shelf Combination Survey,L32 34 34.5 40.5 45 49 D55 183 549 900 1280 Sblfsh,Coastwide: (32/34/34.5/40.5/45/49),40Pt5To45Degs,40.5,45,55 183 549 900 1280 meter bounds,548.64,900,5264062343,4993576.15,2713469,4.20264E-07,1.14009E-07,4.15917E+11,0.129149,28,28,28,28
sablefish,Anoplopoma fimbria,20510,2008,Groundfish Slope and Shelf Combination Survey,L32 34 34.5 40.5 45 49 D55 183 549 900 1280 Sblfsh,Coastwide: (32/34/34.5/40.5/45/49),40Pt5To45Degs,40.5,45,55 183 549 900 1280 meter bounds,900,1280.16,5303944406,7787853.7,3070883,1.05659E-06,1.72922E-07,1.14322E+12,0.137293,26,26,25,25
sablefish,Anoplopoma fimbria,20510,2008,Groundfish Slope and Shelf Combination Survey,L32 34 34.5 40.5 45 49 D55 183 549 900 1280 Sblfsh,Coastwide: (32/34/34.5/40.5/45/49),34To40Pt5Degs,34,40.5,55 183 549 900 1280 meter bounds,54.864,182.88,12648854250,493939.42,3117643,8.044E-09,3.71757E-07,13406093546,0.234411,96,96,33,33
sablefish,Anoplopoma fimbria,20510,2008,Groundfish Slope and Shelf Combination Survey,L32 34 34.5 40.5 45 49 D55 183 549 900 1280 Sblfsh,Coastwide: (32/34/34.5/40.5/45/49),34Pt5To40Pt5Degs,34.5,40.5,55 183 549 900 1280 meter bounds,182.88,548.64,6951653513,5609642.99,3075638,8.61054E-07,2.53795E-07,6.40167E+11,0.14263,65,65,53,53
sablefish,Anoplopoma fimbria,20510,2008,Groundfish Slope and Shelf Combination Survey,L32 34 34.5 40.5 45 49 D55 183 549 900 1280 Sblfsh,Coastwide: (32/34/34.5/40.5/45/49),34Pt5To40Pt5Degs,34.5,40.5,55 183 549 900 1280 meter bounds,548.64,900,7801299712,8965353.66,5384579,6.96809E-07,2.37841E-07,1.14616E+12,0.119414,37,37,37,37
sablefish,Anoplopoma fimbria,20510,2008,Groundfish Slope and Shelf Combination Survey,L32 34 34.5 40.5 45 49 D55 183 549 900 1280 Sblfsh,Coastwide: (32/34/34.5/40.5/45/49),34Pt5To40Pt5Degs,34.5,40.5,55 183 549 900 1280 meter bounds,900,1280.16,8058579586,7253257.09,3502950,7.95357E-07,1.85245E-07,1.66616E+12,0.177961,31,31,29,29
sablefish,Anoplopoma fimbria,20510,2008,Groundfish Slope and Shelf Combination Survey,L32 34 34.5 40.5 45 49 D55 183 549 900 1280 Sblfsh,Coastwide: (32/34/34.5/40.5/45/49),32To34Pt5Degs,32,34.5,55 183 549 900 1280 meter bounds,182.88,548.64,9955261452,886717.53,556314,7.1402E-08,2.4353E-08,1.44418E+11,0.428573,49,49,8,8
sablefish,Anoplopoma fimbria,20510,2008,Groundfish Slope and Shelf Combination Survey,L32 34 34.5 40.5 45 49 D55 183 549 900 1280 Sblfsh,Coastwide: (32/34/34.5/40.5/45/49),32To34Pt5Degs,32,34.5,55 183 549 900 1280 meter bounds,548.64,900,15683986011,1444444.85,814648,2.9023E-08,1.029E-08,3.75746E+11,0.424372,19,19,7,7
sablefish,Anoplopoma fimbria,20510,2008,Groundfish Slope and Shelf Combination Survey,L32 34 34.5 40.5 45 49 D55 183 549 900 1280 Sblfsh,Coastwide: (32/34/34.5/40.5/45/49),32To34Pt5Degs,32,34.5,55 183 549 900 1280 meter bounds,900,1280.16,15788732506,6656335.21,3492448,4.4332E-07,1.32948E-07,7.3675E+12,0.407779,15,15,10,10
sablefish,Anoplopoma fimbria,20510,2008,Groundfish Slope and Shelf Combination Survey,L32 34 34.5 40.5 45 49 D55 183 549 900 1280 Sblfsh,Coastwide: (32/34/34.5/40.5/45/49),32To34Degs,32,34,55 183 549 900 1280 meter bounds,54.864,182.88,3851340919,,,,,,,23,23,0,0
sablefish,Anoplopoma fimbria,20510,2009,Groundfish Slope and Shelf Combination Survey,L32 34 34.5 40.5 45 49 D55 183 549 900 1280 Sblfsh,Coastwide: (32/34/34.5/40.5/45/49),45To49Degs,45,49,55 183 549 900 1280 meter bounds,54.864,182.88,11787264639,3499054.45,8620283,1.55405E-06,1.77017E-05,2.7682E+12,0.475497,78,78,49,49
sablefish,Anoplopoma fimbria,20510,2009,Groundfish Slope and Shelf Combination Survey,L32 34 34.5 40.5 45 49 D55 183 549 900 1280 Sblfsh,Coastwide: (32/34/34.5/40.5/45/49),45To49Degs,45,49,55 183 549 900 1280 meter bounds,182.88,548.64,5828866862,2788486.91,1324693,7.47714E-07,1.43526E-07,5.08082E+11,0.255622,50,50,36,36
sablefish,Anoplopoma fimbria,20510,2009,Groundfish Slope and Shelf Combination Survey,L32 34 34.5 40.5 45 49 D55 183 549 900 1280 Sblfsh,Coastwide: (32/34/34.5/40.5/45/49),45To49Degs,45,49,55 183 549 900 1280 meter bounds,548.64,900,4023607871,1329317.69,696702,1.10366E-07,3.0411E-08,85083725798,0.219429,21,21,16,16
sablefish,Anoplopoma fimbria,20510,2009,Groundfish Slope and Shelf Combination Survey,L32 34 34.5 40.5 45 49 D55 183 549 900 1280 Sblfsh,Coastwide: (32/34/34.5/40.5/45/49),45To49Degs,45,49,55 183 549 900 1280 meter bounds,900,1280.16,3954626654,5060177.07,2132074,2.90001E-06,4.90052E-07,3.77946E+12,0.384193,12,12,11,11
sablefish,Anoplopoma fimbria,20510,2009,Groundfish Slope and Shelf Combination Survey,L32 34 34.5 40.5 45 49 D55 183 549 900 1280 Sblfsh,Coastwide: (32/34/34.5/40.5/45/49),40Pt5To45Degs,40.5,45,55 183 549 900 1280 meter bounds,54.864,182.88,11255124725,4126088.73,10775901,2.84905E-06,2.46631E-05,4.68716E+12,0.524706,77,77,41,41
sablefish,Anoplopoma fimbria,20510,2009,Groundfish Slope and Shelf Combination Survey,L32 34 34.5 40.5 45 49 D55 183 549 900 1280 Sblfsh,Coastwide: (32/34/34.5/40.5/45/49),40Pt5To45Degs,40.5,45,55 183 549 900 1280 meter bounds,182.88,548.64,6210902689,6083691.58,2741718,1.61087E-06,3.3399E-07,9.13819E+11,0.157131,68,68,60,60
sablefish,Anoplopoma fimbria,20510,2009,Groundfish Slope and Shelf Combination Survey,L32 34 34.5 40.5 45 49 D55 183 549 900 1280 Sblfsh,Coastwide: (32/34/34.5/40.5/45/49),40Pt5To45Degs,40.5,45,55 183 549 900 1280 meter bounds,548.64,900,5264062343,4269860.67,2353535,1.13243E-06,3.6583E-07,1.12071E+12,0.247932,28,28,25,25
sablefish,Anoplopoma fimbria,20510,2009,Groundfish Slope and Shelf Combination Survey,L32 34 34.5 40.5 45 49 D55 183 549 900 1280 Sblfsh,Coastwide: (32/34/34.5/40.5/45/49),40Pt5To45Degs,40.5,45,55 183 549 900 1280 meter bounds,900,1280.16,5303944406,5048716.38,2139466,5.161E-07,8.2994E-08,7.6415E+11,0.173144,19,19,19,19
sablefish,Anoplopoma fimbria,20510,2009,Groundfish Slope and Shelf Combination Survey,L32 34 34.5 40.5 45 49 D55 183 549 900 1280 Sblfsh,Coastwide: (32/34/34.5/40.5/45/49),34To40Pt5Degs,34,40.5,55 183 549 900 1280 meter bounds,54.864,182.88,12648854250,679971.1,2340818,5.6902E-08,5.60925E-07,91958420362,0.44597,99,99,29,29
sablefish,Anoplopoma fimbria,20510,2009,Groundfish Slope and Shelf Combination Survey,L32 34 34.5 40.5 45 49 D55 183 549 900 1280 Sblfsh,Coastwide: (32/34/34.5/40.5/45/49),34Pt5To40Pt5Degs,34.5,40.5,55 183 549 900 1280 meter bounds,182.88,548.64,6951653513,5740391.91,7530643,4.81119E-06,2.41114E-05,3.94073E+12,0.345817,59,59,48,48
sablefish,Anoplopoma fimbria,20510,2009,Groundfish Slope and Shelf Combination Survey,L32 34 34.5 40.5 45 49 D55 183 549 900 1280 Sblfsh,Coastwide: (32/34/34.5/40.5/45/49),34Pt5To40Pt5Degs,34.5,40.5,55 183 549 900 1280 meter bounds,548.64,900,7801299712,8352655.2,5276035,4.80609E-07,2.15494E-07,9.14062E+11,0.114462,32,32,32,32
sablefish,Anoplopoma fimbria,20510,2009,Groundfish Slope and Shelf Combination Survey,L32 34 34.5 40.5 45 49 D55 183 549 900 1280 Sblfsh,Coastwide: (32/34/34.5/40.5/45/49),34Pt5To40Pt5Degs,34.5,40.5,55 183 549 900 1280 meter bounds,900,1280.16,8058579586,9563750.37,4540356,1.31823E-06,3.06713E-07,2.37797E+12,0.161241,36,36,32,32
sablefish,Anoplopoma fimbria,20510,2009,Groundfish Slope and Shelf Combination Survey,L32 34 34.5 40.5 45 49 D55 183 549 900 1280 Sblfsh,Coastwide: (32/34/34.5/40.5/45/49),32To34Pt5Degs,32,34.5,55 183 549 900 1280 meter bounds,182.88,548.64,9955261452,578253.48,494722,1.0998E-07,8.1257E-08,2.22445E+11,0.81563,49,49,4,4
sablefish,Anoplopoma fimbria,20510,2009,Groundfish Slope and Shelf Combination Survey,L32 34 34.5 40.5 45 49 D55 183 549 900 1280 Sblfsh,Coastwide: (32/34/34.5/40.5/45/49),32To34Pt5Degs,32,34.5,55 183 549 900 1280 meter bounds,548.64,900,15683986011,5836334.52,3398233,6.83984E-07,2.08242E-07,8.01198E+12,0.484986,21,21,9,9
sablefish,Anoplopoma fimbria,20510,2009,Groundfish Slope and Shelf Combination Survey,L32 34 34.5 40.5 45 49 D55 183 549 900 1280 Sblfsh,Coastwide: (32/34/34.5/40.5/45/49),32To34Pt5Degs,32,34.5,55 183 549 900 1280 meter bounds,900,1280.16,15788732506,4716265.94,2272398,1.26533E-07,3.4629E-08,2.42635E+12,0.330277,13,13,8,8
sablefish,Anoplopoma fimbria,20510,2009,Groundfish Slope and Shelf Combination Survey,L32 34 34.5 40.5 45 49 D55 183 549 900 1280 Sblfsh,Coastwide: (32/34/34.5/40.5/45/49),32To34Degs,32,34,55 183 549 900 1280 meter bounds,54.864,182.88,3851340919,,,,,,,20,20,0,0
sablefish,Anoplopoma fimbria,20510,2010,Groundfish Slope and Shelf Combination Survey,L32 34 34.5 40.5 45 49 D55 183 549 900 1280 Sblfsh,Coastwide: (32/34/34.5/40.5/45/49),45To49Degs,45,49,55 183 549 900 1280 meter bounds,54.864,182.88,11787264639,4440752.24,5850250,1.64998E-06,3.47292E-06,2.63503E+12,0.365541,87,87,58,58
sablefish,Anoplopoma fimbria,20510,2010,Groundfish Slope and Shelf Combination Survey,L32 34 34.5 40.5 45 49 D55 183 549 900 1280 Sblfsh,Coastwide: (32/34/34.5/40.5/45/49),45To49Degs,45,49,55 183 549 900 1280 meter bounds,182.88,548.64,5828866862,5254553.61,4175065,2.47177E-06,1.64134E-06,1.47334E+12,0.231002,57,57,51,51
sablefish,Anoplopoma fimbria,20510,2010,Groundfish Slope and Shelf Combination Survey,L32 34 34.5 40.5 45 49 D55 183 549 900 1280 Sblfsh,Coastwide: (32/34/34.5/40.5/45/49),45To49Degs,45,49,55 183 549 900 1280 meter bounds,548.64,900,4023607871,1586278.08,864385,1.08209E-07,3.0579E-08,1.16789E+11,0.215438,15,15,13,13
sablefish,Anoplopoma fimbria,20510,2010,Groundfish Slope and Shelf Combination Survey,L32 34 34.5 40.5 45 49 D55 183 549 900 1280 Sblfsh,Coastwide: (32/34/34.5/40.5/45/49),45To49Degs,45,49,55 183 549 900 1280 meter bounds,900,1280.16,3954626654,6985678.66,3007926,4.65337E-06,7.96134E-07,5.59803E+12,0.338695,13,13,13,13
sablefish,Anoplopoma fimbria,20510,2010,Groundfish Slope and Shelf Combination Survey,L32 34 34.5 40.5 45 49 D55 183 549 900 1280 Sblfsh,Coastwide: (32/34/34.5/40.5/45/49),40Pt5To45Degs,40.5,45,55 183 549 900 1280 meter bounds,54.864,182.88,11255124725,2818038.28,3830396,1.03394E-06,1.59791E-06,1.50548E+12,0.435402,87,87,33,33
sablefish,Anoplopoma fimbria,20510,2010,Groundfish Slope and Shelf Combination Survey,L32 34 34.5 40.5 45 49 D55 183 549 900 1280 Sblfsh,Coastwide: (32/34/34.5/40.5/45/49),40Pt5To45Degs,40.5,45,55 183 549 900 1280 meter bounds,182.88,548.64,6210902689,6924374.88,6640817,1.48757E-05,2.22936E-05,1.17109E+13,0.494214,49,49,44,44
sablefish,Anoplopoma fimbria,20510,2010,Groundfish Slope and Shelf Combination Survey,L32 34 34.5 40.5 45 49 D55 183 549 900 1280 Sblfsh,Coastwide: (32/34/34.5/40.5/45/49),40Pt5To45Degs,40.5,45,55 183 549 900 1280 meter bounds,548.64,900,5264062343,6340406.87,3125050,4.32029E-06,8.13825E-07,3.06966E+12,0.27633,39,39,37,37
sablefish,Anoplopoma fimbria,20510,2010,Groundfish Slope and Shelf Combination Survey,L32 34 34.5 40.5 45 49 D55 183 549 900 1280 Sblfsh,Coastwide: (32/34/34.5/40.5/45/49),40Pt5To45Degs,40.5,45,55 183 549 900 1280 meter bounds,900,1280.16,5303944406,6553057.9,2904626,1.16849E-06,2.28312E-07,1.42921E+12,0.182433,23,23,22,22
sablefish,Anoplopoma fimbria,20510,2010,Groundfish Slope and Shelf Combination Survey,L32 34 34.5 40.5 45 49 D55 183 549 900 1280 Sblfsh,Coastwide: (32/34/34.5/40.5/45/49),34To40Pt5Degs,34,40.5,55 183 549 900 1280 meter bounds,54.864,182.88,12648854250,715191.54,5231691,3.9445E-08,2.42368E-06,67137470652,0.362293,94,94,31,31
sablefish,Anoplopoma fimbria,20510,2010,Groundfish Slope and Shelf Combination Survey,L32 34 34.5 40.5 45 49 D55 183 549 900 1280 Sblfsh,Coastwide: (32/34/34.5/40.5/45/49),34Pt5To40Pt5Degs,34.5,40.5,55 183 549 900 1280 meter bounds,182.88,548.64,6951653513,3394113.19,3223015,1.06324E-06,1.16345E-06,8.28736E+11,0.268214,62,62,49,49
sablefish,Anoplopoma fimbria,20510,2010,Groundfish Slope and Shelf Combination Survey,L32 34 34.5 40.5 45 49 D55 183 549 900 1280 Sblfsh,Coastwide: (32/34/34.5/40.5/45/49),34Pt5To40Pt5Degs,34.5,40.5,55 183 549 900 1280 meter bounds,548.64,900,7801299712,6515710.88,3436485,3.22353E-07,1.00818E-07,5.30229E+11,0.111756,37,37,37,37
sablefish,Anoplopoma fimbria,20510,2010,Groundfish Slope and Shelf Combination Survey,L32 34 34.5 40.5 45 49 D55 183 549 900 1280 Sblfsh,Coastwide: (32/34/34.5/40.5/45/49),34Pt5To40Pt5Degs,34.5,40.5,55 183 549 900 1280 meter bounds,900,1280.16,8058579586,6078359.73,2628386,1.17036E-06,2.43199E-07,2.45173E+12,0.257603,31,31,27,27
sablefish,Anoplopoma fimbria,20510,2010,Groundfish Slope and Shelf Combination Survey,L32 34 34.5 40.5 45 49 D55 183 549 900 1280 Sblfsh,Coastwide: (32/34/34.5/40.5/45/49),32To34Pt5Degs,32,34.5,55 183 549 900 1280 meter bounds,182.88,548.64,9955261452,984893.11,823507,7.9817E-08,3.6474E-08,1.36387E+11,0.37497,58,58,16,16
sablefish,Anoplopoma fimbria,20510,2010,Groundfish Slope and Shelf Combination Survey,L32 34 34.5 40.5 45 49 D55 183 549 900 1280 Sblfsh,Coastwide: (32/34/34.5/40.5/45/49),32To34Pt5Degs,32,34.5,55 183 549 900 1280 meter bounds,548.64,900,15683986011,8353445.72,4775690,9.5551E-07,3.74353E-07,1.23707E+13,0.421048,19,19,11,11
sablefish,Anoplopoma fimbria,20510,2010,Groundfish Slope and Shelf Combination Survey,L32 34 34.5 40.5 45 49 D55 183 549 900 1280 Sblfsh,Coastwide: (32/34/34.5/40.5/45/49),32To34Pt5Degs,32,34.5,55 183 549 900 1280 meter bounds,900,1280.16,15788732506,4148995.47,1641833,7.982E-08,1.1622E-08,9.04446E+11,0.229218,22,22,16,16
sablefish,Anoplopoma fimbria,20510,2010,Groundfish Slope and Shelf Combination Survey,L32 34 34.5 40.5 45 49 D55 183 549 900 1280 Sblfsh,Coastwide: (32/34/34.5/40.5/45/49),32To34Degs,32,34,55 183 549 900 1280 meter bounds,54.864,182.88,3851340919,,,,,,,21,21,0,0
sablefish,Anoplopoma fimbria,20510,2011,Groundfish Slope and Shelf Combination Survey,L32 34 34.5 40.5 45 49 D55 183 549 900 1280 Sblfsh,Coastwide: (32/34/34.5/40.5/45/49),45To49Degs,45,49,55 183 549 900 1280 meter bounds,54.864,182.88,11787264639,1486447.39,1335730,5.7135E-08,5.1417E-08,1.03094E+11,0.216007,77,77,34,34
sablefish,Anoplopoma fimbria,20510,2011,Groundfish Slope and Shelf Combination Survey,L32 34 34.5 40.5 45 49 D55 183 549 900 1280 Sblfsh,Coastwide: (32/34/34.5/40.5/45/49),45To49Degs,45,49,55 183 549 900 1280 meter bounds,182.88,548.64,5828866862,6664956.39,4873660,1.32614E-06,1.00476E-06,7.90464E+11,0.133396,57,57,57,57
sablefish,Anoplopoma fimbria,20510,2011,Groundfish Slope and Shelf Combination Survey,L32 34 34.5 40.5 45 49 D55 183 549 900 1280 Sblfsh,Coastwide: (32/34/34.5/40.5/45/49),45To49Degs,45,49,55 183 549 900 1280 meter bounds,548.64,900,4023607871,3153157.91,1895119,4.00761E-07,1.52206E-07,2.59523E+11,0.161563,25,25,24,24
sablefish,Anoplopoma fimbria,20510,2011,Groundfish Slope and Shelf Combination Survey,L32 34 34.5 40.5 45 49 D55 183 549 900 1280 Sblfsh,Coastwide: (32/34/34.5/40.5/45/49),45To49Degs,45,49,55 183 549 900 1280 meter bounds,900,1280.16,3954626654,4369749.24,1791303,6.95994E-07,1.24267E-07,7.25646E+11,0.194942,15,15,15,15
sablefish,Anoplopoma fimbria,20510,2011,Groundfish Slope and Shelf Combination Survey,L32 34 34.5 40.5 45 49 D55 183 549 900 1280 Sblfsh,Coastwide: (32/34/34.5/40.5/45/49),40Pt5To45Degs,40.5,45,55 183 549 900 1280 meter bounds,54.864,182.88,11255124725,629631.34,996380,2.4909E-08,5.2099E-08,35454252245,0.299053,89,89,26,26
sablefish,Anoplopoma fimbria,20510,2011,Groundfish Slope and Shelf Combination Survey,L32 34 34.5 40.5 45 49 D55 183 549 900 1280 Sblfsh,Coastwide: (32/34/34.5/40.5/45/49),40Pt5To45Degs,40.5,45,55 183 549 900 1280 meter bounds,182.88,548.64,6210902689,7513829.15,4801747,3.18202E-06,8.03246E-07,2.01225E+12,0.18879,61,61,54,54
sablefish,Anoplopoma fimbria,20510,2011,Groundfish Slope and Shelf Combination Survey,L32 34 34.5 40.5 45 49 D55 183 549 900 1280 Sblfsh,Coastwide: (32/34/34.5/40.5/45/49),40Pt5To45Degs,40.5,45,55 183 549 900 1280 meter bounds,548.64,900,5264062343,4964666.83,2711612,8.60938E-07,1.77991E-07,8.52032E+11,0.185925,28,28,27,27
sablefish,Anoplopoma fimbria,20510,2011,Groundfish Slope and Shelf Combination Survey,L32 34 34.5 40.5 45 49 D55 183 549 900 1280 Sblfsh,Coastwide: (32/34/34.5/40.5/45/49),40Pt5To45Degs,40.5,45,55 183 549 900 1280 meter bounds,900,1280.16,5303944406,7295918.9,2723948,1.06406E-06,1.26016E-07,2.30261E+12,0.207984,13,13,12,12
sablefish,Anoplopoma fimbria,20510,2011,Groundfish Slope and Shelf Combination Survey,L32 34 34.5 40.5 45 49 D55 183 549 900 1280 Sblfsh,Coastwide: (32/34/34.5/40.5/45/49),34To40Pt5Degs,34,40.5,55 183 549 900 1280 meter bounds,54.864,182.88,12648854250,3478037.54,9961131,6.54289E-07,4.29001E-06,1.11364E+12,0.303416,94,94,59,59
sablefish,Anoplopoma fimbria,20510,2011,Groundfish Slope and Shelf Combination Survey,L32 34 34.5 40.5 45 49 D55 183 549 900 1280 Sblfsh,Coastwide: (32/34/34.5/40.5/45/49),34Pt5To40Pt5Degs,34.5,40.5,55 183 549 900 1280 meter bounds,182.88,548.64,6951653513,7680544.83,8614922,1.91958E-06,2.47757E-06,1.81892E+12,0.175596,51,51,49,49
sablefish,Anoplopoma fimbria,20510,2011,Groundfish Slope and Shelf Combination Survey,L32 34 34.5 40.5 45 49 D55 183 549 900 1280 Sblfsh,Coastwide: (32/34/34.5/40.5/45/49),34Pt5To40Pt5Degs,34.5,40.5,55 183 549 900 1280 meter bounds,548.64,900,7801299712,11493219.26,6108206,1.53553E-06,3.83418E-07,2.52575E+12,0.138278,37,37,36,36
sablefish,Anoplopoma fimbria,20510,2011,Groundfish Slope and Shelf Combination Survey,L32 34 34.5 40.5 45 49 D55 183 549 900 1280 Sblfsh,Coastwide: (32/34/34.5/40.5/45/49),34Pt5To40Pt5Degs,34.5,40.5,55 183 549 900 1280 meter bounds,900,1280.16,8058579586,8582162.11,3874149,1.0585E-06,2.41239E-07,1.76256E+12,0.154695,39,39,30,30
sablefish,Anoplopoma fimbria,20510,2011,Groundfish Slope and Shelf Combination Survey,L32 34 34.5 40.5 45 49 D55 183 549 900 1280 Sblfsh,Coastwide: (32/34/34.5/40.5/45/49),32To34Pt5Degs,32,34.5,55 183 549 900 1280 meter bounds,182.88,548.64,9955261452,679961.99,921121,1.7171E-08,3.9584E-08,34730439227,0.274076,49,49,17,17
sablefish,Anoplopoma fimbria,20510,2011,Groundfish Slope and Shelf Combination Survey,L32 34 34.5 40.5 45 49 D55 183 549 900 1280 Sblfsh,Coastwide: (32/34/34.5/40.5/45/49),32To34Pt5Degs,32,34.5,55 183 549 900 1280 meter bounds,548.64,900,15683986011,2662159.6,1374893,1.83067E-07,5.241E-08,2.25161E+12,0.563654,20,20,6,6
sablefish,Anoplopoma fimbria,20510,2011,Groundfish Slope and Shelf Combination Survey,L32 34 34.5 40.5 45 49 D55 183 549 900 1280 Sblfsh,Coastwide: (32/34/34.5/40.5/45/49),32To34Pt5Degs,32,34.5,55 183 549 900 1280 meter bounds,900,1280.16,15788732506,2829890.51,1276237,5.611E-08,1.1535E-08,7.77072E+11,0.311502,18,18,11,11
sablefish,Anoplopoma fimbria,20510,2011,Groundfish Slope and Shelf Combination Survey,L32 34 34.5 40.5 45 49 D55 183 549 900 1280 Sblfsh,Coastwide: (32/34/34.5/40.5/45/49),32To34Degs,32,34,55 183 549 900 1280 meter bounds,54.864,182.88,3851340919,,,,,,,24,24,0,0
sablefish,Anoplopoma fimbria,20510,2012,Groundfish Slope and Shelf Combination Survey,L32 34 34.5 40.5 45 49 D55 183 549 900 1280 Sblfsh,Coastwide: (32/34/34.5/40.5/45/49),45To49Degs,45,49,55 183 549 900 1280 meter bounds,54.864,182.88,11787264639,865109.09,633099,5.6488E-08,2.189E-08,1.07513E+11,0.379018,73,73,19,19
sablefish,Anoplopoma fimbria,20510,2012,Groundfish Slope and Shelf Combination Survey,L32 34 34.5 40.5 45 49 D55 183 549 900 1280 Sblfsh,Coastwide: (32/34/34.5/40.5/45/49),45To49Degs,45,49,55 183 549 900 1280 meter bounds,182.88,548.64,5828866862,4934838.02,3339661,1.13273E-06,3.1462E-07,6.6354E+11,0.165067,58,58,56,56
sablefish,Anoplopoma fimbria,20510,2012,Groundfish Slope and Shelf Combination Survey,L32 34 34.5 40.5 45 49 D55 183 549 900 1280 Sblfsh,Coastwide: (32/34/34.5/40.5/45/49),45To49Degs,45,49,55 183 549 900 1280 meter bounds,548.64,900,4023607871,2432502.13,1454276,2.64321E-07,8.191E-08,2.03772E+11,0.185575,21,21,19,19
sablefish,Anoplopoma fimbria,20510,2012,Groundfish Slope and Shelf Combination Survey,L32 34 34.5 40.5 45 49 D55 183 549 900 1280 Sblfsh,Coastwide: (32/34/34.5/40.5/45/49),45To49Degs,45,49,55 183 549 900 1280 meter bounds,900,1280.16,3954626654,2732159.44,1190402,1.64758E-07,3.5653E-08,1.07361E+11,0.119927,24,24,22,22
sablefish,Anoplopoma fimbria,20510,2012,Groundfish Slope and Shelf Combination Survey,L32 34 34.5 40.5 45 49 D55 183 549 900 1280 Sblfsh,Coastwide: (32/34/34.5/40.5/45/49),40Pt5To45Degs,40.5,45,55 183 549 900 1280 meter bounds,54.864,182.88,11255124725,608234.01,967481,1.446E-08,3.4914E-08,23789391451,0.253583,77,77,26,26
sablefish,Anoplopoma fimbria,20510,2012,Groundfish Slope and Shelf Combination Survey,L32 34 34.5 40.5 45 49 D55 183 549 900 1280 Sblfsh,Coastwide: (32/34/34.5/40.5/45/49),40Pt5To45Degs,40.5,45,55 183 549 900 1280 meter bounds,182.88,548.64,6210902689,10122355.35,6679624,4.59764E-06,1.48521E-06,2.86057E+12,0.167088,62,62,61,61
sablefish,Anoplopoma fimbria,20510,2012,Groundfish Slope and Shelf Combination Survey,L32 34 34.5 40.5 45 49 D55 183 549 900 1280 Sblfsh,Coastwide: (32/34/34.5/40.5/45/49),40Pt5To45Degs,40.5,45,55 183 549 900 1280 meter bounds,548.64,900,5264062343,6247352.96,3705404,6.36886E-07,2.21193E-07,7.05933E+11,0.134489,25,25,25,25
sablefish,Anoplopoma fimbria,20510,2012,Groundfish Slope and Shelf Combination Survey,L32 34 34.5 40.5 45 49 D55 183 549 900 1280 Sblfsh,Coastwide: (32/34/34.5/40.5/45/49),40Pt5To45Degs,40.5,45,55 183 549 900 1280 meter bounds,900,1280.16,5303944406,7609911.3,3169492,2.61105E-06,3.89654E-07,2.62334E+12,0.212837,28,28,28,28
sablefish,Anoplopoma fimbria,20510,2012,Groundfish Slope and Shelf Combination Survey,L32 34 34.5 40.5 45 49 D55 183 549 900 1280 Sblfsh,Coastwide: (32/34/34.5/40.5/45/49),34To40Pt5Degs,34,40.5,55 183 549 900 1280 meter bounds,54.864,182.88,12648854250,1213087.13,3194896,1.98921E-07,9.4198E-07,2.91982E+11,0.445437,109,109,35,35
sablefish,Anoplopoma fimbria,20510,2012,Groundfish Slope and Shelf Combination Survey,L32 34 34.5 40.5 45 49 D55 183 549 900 1280 Sblfsh,Coastwide: (32/34/34.5/40.5/45/49),34Pt5To40Pt5Degs,34.5,40.5,55 183 549 900 1280 meter bounds,182.88,548.64,6951653513,9766423.65,10646479,3.05761E-06,4.00689E-06,2.59229E+12,0.164857,57,57,57,57
sablefish,Anoplopoma fimbria,20510,2012,Groundfish Slope and Shelf Combination Survey,L32 34 34.5 40.5 45 49 D55 183 549 900 1280 Sblfsh,Coastwide: (32/34/34.5/40.5/45/49),34Pt5To40Pt5Degs,34.5,40.5,55 183 549 900 1280 meter bounds,548.64,900,7801299712,6716306.94,4267331,6.72844E-07,2.9005E-07,1.41205E+12,0.176927,29,29,25,25
sablefish,Anoplopoma fimbria,20510,2012,Groundfish Slope and Shelf Combination Survey,L32 34 34.5 40.5 45 49 D55 183 549 900 1280 Sblfsh,Coastwide: (32/34/34.5/40.5/45/49),34Pt5To40Pt5Degs,34.5,40.5,55 183 549 900 1280 meter bounds,900,1280.16,8058579586,5812920.5,2716021,7.53066E-07,1.82317E-07,1.81128E+12,0.231526,27,27,22,22
sablefish,Anoplopoma fimbria,20510,2012,Groundfish Slope and Shelf Combination Survey,L32 34 34.5 40.5 45 49 D55 183 549 900 1280 Sblfsh,Coastwide: (32/34/34.5/40.5/45/49),32To34Pt5Degs,32,34.5,55 183 549 900 1280 meter bounds,182.88,548.64,9955261452,487390.17,758783,1.2248E-08,3.5164E-08,23800478992,0.316531,51,51,13,13
sablefish,Anoplopoma fimbria,20510,2012,Groundfish Slope and Shelf Combination Survey,L32 34 34.5 40.5 45 49 D55 183 549 900 1280 Sblfsh,Coastwide: (32/34/34.5/40.5/45/49),32To34Pt5Degs,32,34.5,55 183 549 900 1280 meter bounds,548.64,900,15683986011,3923546.59,2184847,4.22373E-07,1.14198E-07,3.71065E+12,0.49096,28,28,10,10
sablefish,Anoplopoma fimbria,20510,2012,Groundfish Slope and Shelf Combination Survey,L32 34 34.5 40.5 45 49 D55 183 549 900 1280 Sblfsh,Coastwide: (32/34/34.5/40.5/45/49),32To34Pt5Degs,32,34.5,55 183 549 900 1280 meter bounds,900,1280.16,15788732506,5836259.29,2702119,2.71736E-07,5.6753E-08,5.21072E+12,0.391124,13,13,9,9
sablefish,Anoplopoma fimbria,20510,2012,Groundfish Slope and Shelf Combination Survey,L32 34 34.5 40.5 45 49 D55 183 549 900 1280 Sblfsh,Coastwide: (32/34/34.5/40.5/45/49),32To34Degs,32,34,55 183 549 900 1280 meter bounds,54.864,182.88,3851340919,1424.94,14249,3E-12,2.6E-10,2030446,1,19,19,1,1
sablefish,Anoplopoma fimbria,20510,2013,Groundfish Slope and Shelf Combination Survey,L32 34 34.5 40.5 45 49 D55 183 549 900 1280 Sblfsh,Coastwide: (32/34/34.5/40.5/45/49),45To49Degs,45,49,55 183 549 900 1280 meter bounds,54.864,182.88,11787264639,446951.4,587186,1.3725E-08,3.2253E-08,32321422866,0.40224,59,59,16,16
sablefish,Anoplopoma fimbria,20510,2013,Groundfish Slope and Shelf Combination Survey,L32 34 34.5 40.5 45 49 D55 183 549 900 1280 Sblfsh,Coastwide: (32/34/34.5/40.5/45/49),45To49Degs,45,49,55 183 549 900 1280 meter bounds,182.88,548.64,5828866862,4771628.45,2807615,9.40911E-07,2.99762E-07,7.7971E+11,0.185055,41,41,34,34
sablefish,Anoplopoma fimbria,20510,2013,Groundfish Slope and Shelf Combination Survey,L32 34 34.5 40.5 45 49 D55 183 549 900 1280 Sblfsh,Coastwide: (32/34/34.5/40.5/45/49),45To49Degs,45,49,55 183 549 900 1280 meter bounds,548.64,900,4023607871,3864445.83,3001479,2.33353E-06,2.43563E-06,2.0988E+12,0.374885,18,18,17,17
sablefish,Anoplopoma fimbria,20510,2013,Groundfish Slope and Shelf Combination Survey,L32 34 34.5 40.5 45 49 D55 183 549 900 1280 Sblfsh,Coastwide: (32/34/34.5/40.5/45/49),45To49Degs,45,49,55 183 549 900 1280 meter bounds,900,1280.16,3954626654,3913268.48,1779494,3.61544E-07,1.04307E-07,5.65422E+11,0.192153,10,10,10,10
sablefish,Anoplopoma fimbria,20510,2013,Groundfish Slope and Shelf Combination Survey,L32 34 34.5 40.5 45 49 D55 183 549 900 1280 Sblfsh,Coastwide: (32/34/34.5/40.5/45/49),40Pt5To45Degs,40.5,45,55 183 549 900 1280 meter bounds,54.864,182.88,11255124725,509180.21,1077779,3.8607E-08,5.7481E-08,88920493865,0.585638,55,55,17,17
sablefish,Anoplopoma fimbria,20510,2013,Groundfish Slope and Shelf Combination Survey,L32 34 34.5 40.5 45 49 D55 183 549 900 1280 Sblfsh,Coastwide: (32/34/34.5/40.5/45/49),40Pt5To45Degs,40.5,45,55 183 549 900 1280 meter bounds,182.88,548.64,6210902689,7087342.61,4881997,1.46194E-06,8.38163E-07,1.25322E+12,0.157954,45,45,43,43
sablefish,Anoplopoma fimbria,20510,2013,Groundfish Slope and Shelf Combination Survey,L32 34 34.5 40.5 45 49 D55 183 549 900 1280 Sblfsh,Coastwide: (32/34/34.5/40.5/45/49),40Pt5To45Degs,40.5,45,55 183 549 900 1280 meter bounds,548.64,900,5264062343,5377968.86,3050433,3.1097E-07,9.8771E-08,4.30855E+11,0.122053,20,20,20,20
sablefish,Anoplopoma fimbria,20510,2013,Groundfish Slope and Shelf Combination Survey,L32 34 34.5 40.5 45 49 D55 183 549 900 1280 Sblfsh,Coastwide: (32/34/34.5/40.5/45/49),40Pt5To45Degs,40.5,45,55 183 549 900 1280 meter bounds,900,1280.16,5303944406,7594066.14,3252164,9.8461E-07,2.05546E-07,1.2043E+12,0.144508,23,23,23,23
sablefish,Anoplopoma fimbria,20510,2013,Groundfish Slope and Shelf Combination Survey,L32 34 34.5 40.5 45 49 D55 183 549 900 1280 Sblfsh,Coastwide: (32/34/34.5/40.5/45/49),34To40Pt5Degs,34,40.5,55 183 549 900 1280 meter bounds,54.864,182.88,12648854250,1621722.81,4112881,8.3873E-08,6.57911E-07,1.97341E+11,0.273925,68,68,33,33
sablefish,Anoplopoma fimbria,20510,2013,Groundfish Slope and Shelf Combination Survey,L32 34 34.5 40.5 45 49 D55 183 549 900 1280 Sblfsh,Coastwide: (32/34/34.5/40.5/45/49),34Pt5To40Pt5Degs,34.5,40.5,55 183 549 900 1280 meter bounds,182.88,548.64,6951653513,8828170.04,8779567,1.1997E-06,9.51155E-07,1.65646E+12,0.145787,35,35,34,34
sablefish,Anoplopoma fimbria,20510,2013,Groundfish Slope and Shelf Combination Survey,L32 34 34.5 40.5 45 49 D55 183 549 900 1280 Sblfsh,Coastwide: (32/34/34.5/40.5/45/49),34Pt5To40Pt5Degs,34.5,40.5,55 183 549 900 1280 meter bounds,548.64,900,7801299712,8686078.44,5097510,3.99342E-07,1.41871E-07,1.0567E+12,0.118345,23,23,23,23
sablefish,Anoplopoma fimbria,20510,2013,Groundfish Slope and Shelf Combination Survey,L32 34 34.5 40.5 45 49 D55 183 549 900 1280 Sblfsh,Coastwide: (32/34/34.5/40.5/45/49),34Pt5To40Pt5Degs,34.5,40.5,55 183 549 900 1280 meter bounds,900,1280.16,8058579586,9859479.17,4844504,1.19726E-06,3.64072E-07,5.1834E+12,0.230916,15,15,13,13
sablefish,Anoplopoma fimbria,20510,2013,Groundfish Slope and Shelf Combination Survey,L32 34 34.5 40.5 45 49 D55 183 549 900 1280 Sblfsh,Coastwide: (32/34/34.5/40.5/45/49),32To34Pt5Degs,32,34.5,55 183 549 900 1280 meter bounds,182.88,548.64,9955261452,2471986.25,3274228,2.63073E-07,6.12127E-07,8.99049E+11,0.383571,29,29,15,15
sablefish,Anoplopoma fimbria,20510,2013,Groundfish Slope and Shelf Combination Survey,L32 34 34.5 40.5 45 49 D55 183 549 900 1280 Sblfsh,Coastwide: (32/34/34.5/40.5/45/49),32To34Pt5Degs,32,34.5,55 183 549 900 1280 meter bounds,548.64,900,15683986011,3558856.35,2317167,3.84999E-07,1.41493E-07,1.05228E+13,0.911495,9,9,4,4
sablefish,Anoplopoma fimbria,20510,2013,Groundfish Slope and Shelf Combination Survey,L32 34 34.5 40.5 45 49 D55 183 549 900 1280 Sblfsh,Coastwide: (32/34/34.5/40.5/45/49),32To34Pt5Degs,32,34.5,55 183 549 900 1280 meter bounds,900,1280.16,15788732506,5142047.57,3314259,5.77801E-07,2.71173E-07,1.60041E+13,0.777999,9,9,5,5
sablefish,Anoplopoma fimbria,20510,2013,Groundfish Slope and Shelf Combination Survey,L32 34 34.5 40.5 45 49 D55 183 549 900 1280 Sblfsh,Coastwide: (32/34/34.5/40.5/45/49),32To34Degs,32,34,55 183 549 900 1280 meter bounds,54.864,182.88,3851340919,,,,,,,12,12,0,0
sablefish,Anoplopoma fimbria,20510,2014,Groundfish Slope and Shelf Combination Survey,L32 34 34.5 40.5 45 49 D55 183 549 900 1280 Sblfsh,Coastwide: (32/34/34.5/40.5/45/49),45To49Degs,45,49,55 183 549 900 1280 meter bounds,54.864,182.88,11787264639,5421788.43,5357250,4.00753E-06,4.11933E-06,5.8611E+12,0.446526,95,95,49,49
sablefish,Anoplopoma fimbria,20510,2014,Groundfish Slope and Shelf Combination Survey,L32 34 34.5 40.5 45 49 D55 183 549 900 1280 Sblfsh,Coastwide: (32/34/34.5/40.5/45/49),45To49Degs,45,49,55 183 549 900 1280 meter bounds,182.88,548.64,5828866862,4145867.91,2439834,8.02667E-07,2.52205E-07,5.45423E+11,0.178136,50,50,46,46
sablefish,Anoplopoma fimbria,20510,2014,Groundfish Slope and Shelf Combination Survey,L32 34 34.5 40.5 45 49 D55 183 549 900 1280 Sblfsh,Coastwide: (32/34/34.5/40.5/45/49),45To49Degs,45,49,55 183 549 900 1280 meter bounds,548.64,900,4023607871,2597084.23,1545109,2.01555E-07,6.7065E-08,1.41872E+11,0.145031,23,23,22,22
sablefish,Anoplopoma fimbria,20510,2014,Groundfish Slope and Shelf Combination Survey,L32 34 34.5 40.5 45 49 D55 183 549 900 1280 Sblfsh,Coastwide: (32/34/34.5/40.5/45/49),45To49Degs,45,49,55 183 549 900 1280 meter bounds,900,1280.16,3954626654,1833243.31,825436,2.79056E-07,5.5889E-08,2.72761E+11,0.284886,16,16,11,11
sablefish,Anoplopoma fimbria,20510,2014,Groundfish Slope and Shelf Combination Survey,L32 34 34.5 40.5 45 49 D55 183 549 900 1280 Sblfsh,Coastwide: (32/34/34.5/40.5/45/49),40Pt5To45Degs,40.5,45,55 183 549 900 1280 meter bounds,54.864,182.88,11255124725,1448027.87,2253503,1.52588E-07,3.11729E-07,2.6121E+11,0.352954,74,74,33,33
sablefish,Anoplopoma fimbria,20510,2014,Groundfish Slope and Shelf Combination Survey,L32 34 34.5 40.5 45 49 D55 183 549 900 1280 Sblfsh,Coastwide: (32/34/34.5/40.5/45/49),40Pt5To45Degs,40.5,45,55 183 549 900 1280 meter bounds,182.88,548.64,6210902689,8151949.85,5075219,2.85584E-06,7.64013E-07,2.1601E+12,0.180291,51,51,51,51
sablefish,Anoplopoma fimbria,20510,2014,Groundfish Slope and Shelf Combination Survey,L32 34 34.5 40.5 45 49 D55 183 549 900 1280 Sblfsh,Coastwide: (32/34/34.5/40.5/45/49),40Pt5To45Degs,40.5,45,55 183 549 900 1280 meter bounds,548.64,900,5264062343,5649593.39,3269814,7.38646E-07,2.24495E-07,9.30369E+11,0.17073,22,22,22,22
sablefish,Anoplopoma fimbria,20510,2014,Groundfish Slope and Shelf Combination Survey,L32 34 34.5 40.5 45 49 D55 183 549 900 1280 Sblfsh,Coastwide: (32/34/34.5/40.5/45/49),40Pt5To45Degs,40.5,45,55 183 549 900 1280 meter bounds,900,1280.16,5303944406,4426007.84,1985176,5.19496E-07,1.42012E-07,5.21942E+11,0.16323,28,28,27,27
sablefish,Anoplopoma fimbria,20510,2014,Groundfish Slope and Shelf Combination Survey,L32 34 34.5 40.5 45 49 D55 183 549 900 1280 Sblfsh,Coastwide: (32/34/34.5/40.5/45/49),34To40Pt5Degs,34,40.5,55 183 549 900 1280 meter bounds,54.864,182.88,12648854250,10408287,22702195,1.66404E-05,8.17028E-05,2.95818E+13,0.522556,90,90,47,47
sablefish,Anoplopoma fimbria,20510,2014,Groundfish Slope and Shelf Combination Survey,L32 34 34.5 40.5 45 49 D55 183 549 900 1280 Sblfsh,Coastwide: (32/34/34.5/40.5/45/49),34Pt5To40Pt5Degs,34.5,40.5,55 183 549 900 1280 meter bounds,182.88,548.64,6951653513,12225654.18,14958771,2.93202E-05,8.11437E-05,2.24907E+13,0.387908,63,63,62,62
sablefish,Anoplopoma fimbria,20510,2014,Groundfish Slope and Shelf Combination Survey,L32 34 34.5 40.5 45 49 D55 183 549 900 1280 Sblfsh,Coastwide: (32/34/34.5/40.5/45/49),34Pt5To40Pt5Degs,34.5,40.5,55 183 549 900 1280 meter bounds,548.64,900,7801299712,10086000.9,8081134,1.37758E-06,1.27069E-06,2.99429E+12,0.171565,28,28,27,27
sablefish,Anoplopoma fimbria,20510,2014,Groundfish Slope and Shelf Combination Survey,L32 34 34.5 40.5 45 49 D55 183 549 900 1280 Sblfsh,Coastwide: (32/34/34.5/40.5/45/49),34Pt5To40Pt5Degs,34.5,40.5,55 183 549 900 1280 meter bounds,900,1280.16,8058579586,5569000.06,2737573,6.51515E-07,1.61532E-07,1.20885E+12,0.197428,35,35,26,26
sablefish,Anoplopoma fimbria,20510,2014,Groundfish Slope and Shelf Combination Survey,L32 34 34.5 40.5 45 49 D55 183 549 900 1280 Sblfsh,Coastwide: (32/34/34.5/40.5/45/49),32To34Pt5Degs,32,34.5,55 183 549 900 1280 meter bounds,182.88,548.64,9955261452,644273.73,1183334,2.6666E-08,1.21714E-07,43324388122,0.323069,61,61,26,26
sablefish,Anoplopoma fimbria,20510,2014,Groundfish Slope and Shelf Combination Survey,L32 34 34.5 40.5 45 49 D55 183 549 900 1280 Sblfsh,Coastwide: (32/34/34.5/40.5/45/49),32To34Pt5Degs,32,34.5,55 183 549 900 1280 meter bounds,548.64,900,15683986011,1252534.36,793582,3.8758E-08,1.3775E-08,4.76701E+11,0.551231,20,20,5,5
sablefish,Anoplopoma fimbria,20510,2014,Groundfish Slope and Shelf Combination Survey,L32 34 34.5 40.5 45 49 D55 183 549 900 1280 Sblfsh,Coastwide: (32/34/34.5/40.5/45/49),32To34Pt5Degs,32,34.5,55 183 549 900 1280 meter bounds,900,1280.16,15788732506,7139453.11,3946036,3.39212E-07,7.6285E-08,7.04668E+12,0.371815,12,12,11,11
sablefish,Anoplopoma fimbria,20510,2014,Groundfish Slope and Shelf Combination Survey,L32 34 34.5 40.5 45 49 D55 183 549 900 1280 Sblfsh,Coastwide: (32/34/34.5/40.5/45/49),32To34Degs,32,34,55 183 549 900 1280 meter bounds,54.864,182.88,3851340919,,,,,,,17,17,0,0
